cid	enzyme	reaction	nMetabInESP	pred_ESP
69867	Nt_UGT1	0	0	0.27436894
69867	Pt_UGT1	0	0	0.31238705
69867	At_72B1	0	0	0.36586633
69867	At_72E2	0	0	0.13786337
69867	Mt_71G1	0	0	0.27264556
69867	Mt_78G1	0	0	0.1359917
27582	UGT74B1	1	0	0.04701513
11334	UGT74B1	1	0	0.12079308
7271	UGT74B1	1	0	0.11845678
6914	UGT74B1	1	1	0.17781316
8449	UGT74B1	1	0	0.15110679
66	UGT74B1	1	0	0.06483347
6997	UGT71L2	1	0	0.054262612
637540	UGT71L2	1	0	0.013652456
271816	UGT71L2	0	0	0.089208916
11970	UGT71L2	0	0	0.06946955
6054	PpUGT85A2	1	0	0.5696377
91747288	UGT72AY1	1	0	0.09964152
91747288	UGT73A24	1	0	0.105115406
91747288	UGT73A25	1	0	0.08828996
637541	UGT71L2	0	0	0.062088225
5370052	UGT72AY1	1	0	0.06036889
5370052	UGT73A24	1	0	0.08172226
5370052	UGT73A25	1	0	0.051411804
5370052	UGT85A73	0	0	0.010944479
102	UGT71L2	0	0	0.26985475
91749226	UGT72AY1	0	0	0.080943026
91749226	UGT73A24	0	0	0.110468276
91749226	UGT85A73	1	0	0.03301856
14565843	UGT72AY1	1	0	0.43211308
14565843	UGT73A24	1	0	0.24074645
14565843	UGT73A25	1	0	0.23202057
10176665	UGT73A24	1	0	0.06406453
10176665	UGT73A25	1	0	0.094426535
125	UGT71L2	0	0	0.13326013
5280567	TwUGT2	0	0	0.15183738
5280567	ApUFGT1	1	0	0.06241157
5280567	ApUFGT2	1	0	0.006704352
5280567	ApUFGT3	1	0	0.04097523
980	UGT85K14	0	2	0.15637894
4684	UGT74B1	1	0	0.010239208
7815	UGT74B1	1	0	0.059311695
637542	UGT85K14	0	13	0.01797784
442793	Nt_UGT1	0	0	0.15552917
442793	Pt_UGT1	0	0	0.09037332
442793	At_72B1	0	0	0.21583708
442793	At_72E2	0	0	0.12440271
442793	Mt_71G1	0	0	0.30328962
442793	Mt_78G1	0	0	0.06041328
92249	ApUFGT1	0	0	0.100311905
92249	ApUFGT2	0	0	0.0061208694
92249	ApUFGT3	0	0	0.041839056
5280896	Nt_UGT1	0	8	0.10714518
5280896	Pt_UGT1	0	8	0.28526574
5280896	At_72B1	0	8	0.48465538
5280896	At_72E2	0	8	0.46333072
5280896	Mt_71G1	0	8	0.24457467
5280896	Mt_78G1	0	8	0.2539243
5280896	Fe_88J1	0	8	0.19786781
5280896	Zm_15991	0	8	0.516831
5280896	Fe_72B19	0	8	0.26770592
5280896	Ct_71E5	0	8	0.39753512
5280896	Zm_51683	0	8	0.3418363
5280896	Os_88C1	0	8	0.33688533
5280896	Zm_43295	0	8	0.4989567
5280896	Dc_71F5	0	8	0.75431037
5280896	Rc_GT1	0	8	0.37984702
5280896	Sl_GT5	0	8	0.45911086
5280896	Fi_88A10	0	8	0.6552493
5280896	At_71D1	0	8	0.8107268
5280896	At_71C1	0	8	0.35960248
5280896	Zm_62783	0	8	0.42336088
5280896	Zm_85854	0	8	0.61787814
5280896	Gm_88E3	0	8	0.44452664
5280896	Zm_72068	0	8	0.511839
5280896	Lc_72B10	0	8	0.43726578
5280442	ApUFGT1	1	0	0.04469552
5280442	ApUFGT2	0	0	0.0017390944
5280442	ApUFGT3	0	0	0.019412994
5318517	Fe_88J1	0	0	0.02115041
5318517	Zm_15991	0	0	0.014642043
5318517	Fe_72B19	0	0	0.018505294
5318517	Ct_71E5	0	0	0.047929056
5318517	Zm_51683	0	0	0.028919475
5318517	Os_88C1	0	0	0.06330698
5318517	Zm_43295	0	0	0.10908851
5318517	Dc_71F5	0	0	0.045612715
5318517	Rc_GT1	0	0	0.025109649
5318517	Sl_GT5	0	0	0.08365997
5318517	Fi_88A10	0	0	0.061794132
5318517	At_71D1	0	0	0.08419373
5318517	At_71C1	0	0	0.031368926
5318517	Zm_62783	0	0	0.025078716
5318517	Zm_85854	0	0	0.068522215
5318517	Gm_88E3	0	0	0.05873033
5318517	Zm_72068	0	0	0.14276415
5318517	Lc_72B10	0	0	0.03100369
5318517	Nt_UGT1	0	0	0.016013857
5318517	Pt_UGT1	0	0	0.048921745
5318517	At_72B1	0	0	0.045594696
5318517	At_72E2	0	0	0.04422716
5318517	Mt_71G1	0	0	0.1664988
5318517	Mt_78G1	0	0	0.059094895
5280443	ApUFGT1	1	2	0.019233787
5280443	ApUFGT2	1	2	0.0014224295
5280443	ApUFGT3	1	2	0.008758775
5280443	UGT73A17	1	2	0.008232601
64981	Nt_UGT1	0	0	0.002964194
64981	Pt_UGT1	0	0	0.01929631
64981	At_72B1	0	0	0.005145571
64981	At_72E2	0	0	0.07900879
64981	Mt_71G1	0	0	0.08174792
64981	Mt_78G1	0	0	0.069103144
64981	TwUGT2	0	0	0.01759162
10922465	Nt_UGT1	0	0	0.10307642
10922465	Pt_UGT1	0	0	0.21887583
10922465	At_72B1	0	0	0.16898124
10922465	At_72E2	0	0	0.33235672
10922465	Mt_71G1	0	0	0.4021495
10922465	Mt_78G1	0	0	0.21594891
174174	Nt_UGT1	0	0	0.04512382
174174	Pt_UGT1	0	0	0.017332535
174174	At_72B1	0	0	0.036481027
174174	At_72E2	0	0	0.0074305665
174174	Mt_71G1	0	0	0.11493025
174174	Mt_78G1	0	0	0.030599691
62389	Fe_88J1	0	0	0.018678293
62389	Zm_15991	0	0	0.0127958665
62389	Fe_72B19	0	0	0.24138547
62389	Ct_71E5	0	0	0.20971428
62389	Zm_51683	0	0	0.08763726
62389	Os_88C1	0	0	0.12946914
62389	Zm_43295	0	0	0.11574959
62389	Rc_GT1	0	0	0.26793605
62389	Sl_GT5	0	0	0.12251503
62389	Fi_88A10	0	0	0.07707863
62389	At_71D1	0	0	0.28831604
62389	At_71C1	0	0	0.043943074
62389	Zm_62783	0	0	0.02174469
62389	Zm_85854	0	0	0.1358131
62389	Gm_88E3	0	0	0.07190414
62389	Zm_72068	0	0	0.10223851
62389	Lc_72B10	0	0	0.1254727
244	PpUGT85A2	1	0	0.3939147
244	UGT71L2	0	0	0.46402282
8363	UGT71L2	1	0	0.008317332
5280371	Nt_UGT1	0	0	0.018465662
5280371	Pt_UGT1	0	0	0.024573099
5280371	At_72B1	0	0	0.030032879
5280371	At_72E2	0	0	0.06980328
5280371	Mt_71G1	1	0	0.09754277
5280371	Mt_78G1	0	0	0.043856665
10154	Nt_UGT1	0	0	0.12864341
10154	Pt_UGT1	0	0	0.05303892
10154	At_72B1	0	0	0.2778391
10154	At_72E2	0	0	0.19689628
10154	Mt_71G1	0	0	0.403655
10154	Mt_78G1	0	0	0.0972706
64685	Nt_UGT1	0	0	0.062043566
64685	Pt_UGT1	0	0	0.056936163
64685	At_72B1	0	0	0.07344915
64685	At_72E2	0	0	0.10170187
64685	Mt_71G1	0	0	0.38437614
64685	Mt_78G1	0	0	0.5758286
1548943	Nt_UGT1	0	0	0.013895098
1548943	Pt_UGT1	0	0	0.06301011
1548943	At_72B1	0	0	0.027768917
1548943	At_72E2	0	0	0.0383627
1548943	Mt_71G1	0	0	0.030027727
1548943	Mt_78G1	0	0	0.05479036
65126	Nt_UGT1	0	0	0.022003515
65126	Pt_UGT1	0	0	0.04620045
65126	At_72B1	0	0	0.05032006
65126	At_72E2	0	0	0.033765927
65126	Mt_71G1	0	0	0.10690871
65126	Mt_78G1	0	0	0.029527767
289	UGT71L2	1	15	0.2064295
122724	TwUGT2	0	0	0.011923631
5281607	ApUFGT1	1	0	0.102570504
5281607	ApUFGT2	1	0	0.0072328867
5281607	ApUFGT3	1	0	0.05006803
444539	Fe_88J1	0	11	0.11003688
444539	Zm_15991	0	11	0.10714977
444539	Fe_72B19	0	11	0.12932447
444539	Ct_71E5	0	11	0.061036132
444539	Zm_51683	0	11	0.10307606
444539	Os_88C1	0	11	0.1154392
444539	Zm_43295	0	11	0.42715725
444539	Dc_71F5	0	11	0.42889106
444539	Rc_GT1	0	11	0.18712969
444539	Sl_GT5	0	11	0.22409889
444539	Fi_88A10	0	11	0.1424709
444539	At_71D1	0	11	0.40061677
444539	At_71C1	0	11	0.16609655
444539	Zm_62783	0	11	0.1256521
444539	Zm_85854	0	11	0.23713519
444539	Gm_88E3	0	11	0.122455865
444539	Zm_72068	0	11	0.1836813
444539	Lc_72B10	0	11	0.18933028
5315892	Fe_88J1	0	16	0.14039695
5315892	Zm_15991	0	16	0.0727212
5315892	Fe_72B19	0	16	0.16669732
5315892	Ct_71E5	0	16	0.10501422
5315892	Zm_51683	0	16	0.15179504
5315892	Os_88C1	0	16	0.10583303
5315892	Zm_43295	0	16	0.23673831
5315892	Dc_71F5	0	16	0.27607483
5315892	Rc_GT1	0	16	0.24036446
5315892	Sl_GT5	0	16	0.1905309
5315892	Fi_88A10	0	16	0.123446465
5315892	At_71D1	0	16	0.28497615
5315892	At_71C1	0	16	0.18852893
5315892	Zm_62783	0	16	0.07722859
5315892	Zm_85854	0	16	0.10899084
5315892	Gm_88E3	0	16	0.1078245
5315892	Zm_72068	0	16	0.17920856
5315892	Lc_72B10	0	16	0.2029859
444539	Nt_UGT1	0	11	0.092105746
444539	Pt_UGT1	0	11	0.12414819
444539	At_72B1	0	11	0.14590783
444539	At_72E2	0	11	0.21427606
444539	Mt_71G1	0	11	0.20926628
444539	Mt_78G1	0	11	0.05114982
5315892	Nt_UGT1	0	16	0.14433119
5315892	Pt_UGT1	0	16	0.20913704
5315892	At_72B1	0	16	0.3209183
5315892	At_72E2	0	16	0.1607598
5315892	Mt_71G1	0	16	0.2813073
5315892	Mt_78G1	0	16	0.1798263
5315892	UGT71L2	0	16	0.27271095
1549095	Fe_88J1	0	6	0.2548886
1549095	Zm_15991	0	6	0.13302326
1549095	Fe_72B19	0	6	0.6722371
1549095	Ct_71E5	0	6	0.31362286
1549095	Zm_51683	0	6	0.29748714
1549095	Os_88C1	0	6	0.21827298
1549095	Zm_43295	0	6	0.52812076
1549095	Dc_71F5	0	6	0.33342025
1549095	Rc_GT1	0	6	0.39439407
1549095	Sl_GT5	0	6	0.5268609
1549095	Fi_88A10	0	6	0.42137352
1549095	At_71D1	0	6	0.40220508
1549095	At_71C1	0	6	0.2150271
1549095	Zm_62783	0	6	0.18416846
1549095	Zm_85854	0	6	0.30163604
1549095	Gm_88E3	0	6	0.2884454
1549095	Zm_72068	0	6	0.34026158
1549095	Lc_72B10	0	6	0.24786189
1549095	Nt_UGT1	0	6	0.33171412
1549095	Pt_UGT1	0	6	0.47405028
1549095	At_72B1	0	6	0.6625962
1549095	At_72E2	1	6	0.54929304
1549095	Mt_71G1	0	6	0.28329664
1549095	Mt_78G1	0	6	0.3123403
25056407	Nt_UGT1	0	0	0.015027863
25056407	Pt_UGT1	0	0	0.015940845
25056407	At_72B1	0	0	0.03822125
25056407	At_72E2	0	0	0.09361484
25056407	Mt_71G1	0	0	0.008688191
5280535	Nt_UGT1	0	0	0.08007043
5280535	Pt_UGT1	0	0	0.1068464
5280535	At_72B1	0	0	0.12959595
5280535	At_72E2	0	0	0.11299657
5280535	Mt_71G1	0	0	0.1475612
5280535	Mt_78G1	0	0	0.12347311
128861	Fe_88J1	0	2	0.023385251
128861	Zm_15991	0	2	0.016470516
128861	Fe_72B19	0	2	0.042062916
128861	Ct_71E5	0	2	0.022390852
128861	Zm_51683	0	2	0.03966366
128861	Os_88C1	0	2	0.018445197
128861	Zm_43295	0	2	0.4268493
128861	Dc_71F5	0	2	0.11824707
128861	Rc_GT1	1	2	0.046432644
128861	Sl_GT5	0	2	0.048458405
128861	Fi_88A10	0	2	0.077315114
128861	At_71D1	0	2	0.11350304
128861	At_71C1	0	2	0.023496648
128861	Zm_62783	0	2	0.039337385
128861	Zm_85854	0	2	0.047359947
128861	Gm_88E3	0	2	0.033060376
128861	Zm_72068	0	2	0.0689589
128861	Lc_72B10	0	2	0.01916081
128861	Nt_UGT1	0	2	0.017989166
128861	At_72B1	0	2	0.02428035
128861	At_72E2	0	2	0.036214586
128861	Mt_78G1	0	2	0.029463334
7257	Fe_88J1	0	0	0.06879208
7257	Zm_15991	0	0	0.1697341
7257	Fe_72B19	1	0	0.021815313
7257	Ct_71E5	0	0	0.029148191
7257	Zm_51683	1	0	0.07179935
7257	Os_88C1	0	0	0.06615912
7257	Zm_43295	0	0	0.22808054
7257	Dc_71F5	1	0	0.13044263
7257	Rc_GT1	0	0	0.114616506
7257	Sl_GT5	0	0	0.15977149
7257	Fi_88A10	1	0	0.08085921
7257	At_71D1	0	0	0.28444332
7257	At_71C1	0	0	0.09587425
7257	Zm_62783	0	0	0.19534394
7257	Zm_85854	0	0	0.103153564
7257	Gm_88E3	0	0	0.07672853
7257	Lc_72B10	1	0	0.24001193
7257	Nt_UGT1	1	0	0.091903806
7257	Pt_UGT1	1	0	0.13264836
7257	At_72B1	1	0	0.03104797
7257	At_72E2	1	0	0.08883629
7257	At_72E2	0	0	0.08883629
7257	Mt_71G1	0	0	0.15376408
7257	Mt_78G1	0	0	0.3377641
79964	Fe_88J1	0	0	0.16089009
79964	Zm_15991	1	0	0.20514454
79964	Fe_72B19	1	0	0.022417497
79964	Ct_71E5	1	0	0.07303029
79964	Zm_51683	1	0	0.07285811
79964	Os_88C1	1	0	0.14417402
79964	Zm_43295	1	0	0.31520152
79964	Dc_71F5	1	0	0.24060865
79964	Sl_GT5	0	0	0.20103776
79964	Fi_88A10	1	0	0.12054
79964	At_71D1	0	0	0.47854617
79964	At_71C1	0	0	0.16578124
79964	Zm_62783	1	0	0.13086829
79964	Zm_85854	1	0	0.07656409
79964	Gm_88E3	1	0	0.101416975
79964	Zm_72068	1	0	0.0456232
79964	Lc_72B10	1	0	0.3920726
5281708	TwUGT2	0	0	0.030866994
5281708	ApUFGT1	1	0	0.05456029
5281708	ApUFGT2	1	0	0.019033963
5281708	ApUFGT3	1	0	0.027737286
5379033	Nt_UGT1	0	0	0.21038537
5379033	Pt_UGT1	0	0	0.052614488
5379033	At_72B1	0	0	0.2956901
5379033	At_72E2	0	0	0.14504562
5379033	Mt_78G1	0	0	0.28925902
11782	Fe_88J1	0	0	0.17227112
11782	Zm_15991	0	0	0.13123585
11782	Fe_72B19	0	0	0.15449823
11782	Ct_71E5	0	0	0.3568434
11782	Zm_51683	0	0	0.24586827
11782	Os_88C1	0	0	0.2859865
11782	Zm_43295	0	0	0.51981276
11782	Dc_71F5	0	0	0.8048948
11782	Rc_GT1	0	0	0.26200354
11782	Sl_GT5	0	0	0.6818667
11782	Fi_88A10	0	0	0.2577036
11782	At_71D1	0	0	0.64711696
11782	At_71C1	0	0	0.2938514
11782	Zm_62783	0	0	0.17767261
11782	Zm_85854	0	0	0.5408929
11782	Gm_88E3	0	0	0.32988977
11782	Zm_72068	0	0	0.6175173
11782	Lc_72B10	0	0	0.4653604
681	Nt_UGT1	0	6	0.0937123
681	Pt_UGT1	0	6	0.3188448
681	At_72B1	0	6	0.109798536
681	At_72E2	0	6	0.07283455
681	Mt_71G1	0	6	0.19352466
5281855	Nt_UGT1	0	0	0.071470775
5281855	Pt_UGT1	0	0	0.10085736
5281855	At_72B1	0	0	0.10860002
5281855	At_72E2	0	0	0.036055375
5281855	Mt_71G1	0	0	0.17262526
5281855	Mt_78G1	0	0	0.021352619
72276	Nt_UGT1	0	0	0.19613467
72276	Pt_UGT1	0	0	0.053547733
72276	At_72B1	0	0	0.20527282
72276	At_72E2	0	0	0.16699769
72276	Mt_71G1	0	0	0.35506392
72276	Mt_78G1	0	0	0.12792744
107905	UGT73A17	1	0	0.13199851
356759	Nt_UGT1	0	0	0.1364939
356759	Pt_UGT1	0	0	0.19976838
356759	At_72B1	0	0	0.26910052
356759	At_72E2	0	0	0.20319928
356759	Mt_71G1	0	0	0.33624446
356759	Mt_78G1	0	0	0.39079964
8434	Nt_UGT1	0	0	0.10171992
8434	Pt_UGT1	0	0	0.12621827
8434	At_72B1	0	0	0.15302664
8434	At_72E2	0	0	0.108449906
8434	Mt_71G1	0	0	0.13261525
8434	Mt_78G1	0	0	0.035326075
12426239	Nt_UGT1	0	0	0.004598947
12426239	Pt_UGT1	0	0	0.004171092
12426239	At_72B1	0	0	0.020917872
12426239	At_72E2	0	0	0.00857068
12426239	Mt_71G1	0	0	0.03985076
12426239	Mt_78G1	0	0	0.0037745868
3314	Nt_UGT1	1	0	0.25917098
3314	Pt_UGT1	0	0	0.28954697
3314	At_72B1	1	0	0.24655718
3314	At_72E2	1	0	0.322753
3314	Mt_71G1	0	0	0.4067908
3314	Mt_78G1	0	0	0.12800813
3314	PpUGT85A2	1	0	0.21373574
398789	Nt_UGT1	0	0	0.06250495
398789	Pt_UGT1	0	0	0.07982317
398789	At_72B1	0	0	0.037041225
398789	At_72E2	0	0	0.010416706
398789	Mt_71G1	0	0	0.09219115
398789	Mt_78G1	0	0	0.03390664
445858	Nt_UGT1	0	1	0.09592638
445858	Pt_UGT1	0	1	0.11565153
445858	At_72B1	0	1	0.1391097
445858	Mt_71G1	0	1	0.10751681
445858	Mt_78G1	0	1	0.08350489
47936	Fe_88J1	0	0	0.033029668
47936	Zm_15991	0	0	0.012267704
47936	Fe_72B19	0	0	0.023721186
47936	Ct_71E5	0	0	0.017496863
47936	Zm_51683	0	0	0.027240682
47936	Os_88C1	0	0	0.015027652
47936	Zm_43295	0	0	0.13824193
47936	Dc_71F5	0	0	0.12028941
47936	Rc_GT1	0	0	0.030693898
47936	Sl_GT5	0	0	0.06189209
47936	Fi_88A10	0	0	0.15008654
47936	At_71D1	0	0	0.06265499
47936	At_71C1	0	0	0.012738297
47936	Zm_62783	0	0	0.0057436093
47936	Zm_85854	0	0	0.010434934
47936	Gm_88E3	0	0	0.013468035
47936	Zm_72068	0	0	0.060021248
47936	Lc_72B10	0	0	0.08586652
47936	Nt_UGT1	0	0	0.01918669
47936	Pt_UGT1	0	0	0.0033833731
47936	At_72B1	0	0	0.005755423
47936	At_72E2	0	0	0.02237267
47936	Mt_71G1	0	0	0.10448848
47936	Mt_78G1	0	0	0.023295157
143754	Fe_88J1	0	0	0.13867505
143754	Zm_15991	0	0	0.33138108
143754	Fe_72B19	0	0	0.07699821
143754	Ct_71E5	0	0	0.19317147
143754	Zm_51683	0	0	0.2696403
143754	Os_88C1	0	0	0.47082964
143754	Zm_43295	0	0	0.5469539
143754	Dc_71F5	0	0	0.4595413
143754	Rc_GT1	0	0	0.43357357
143754	Sl_GT5	0	0	0.3902199
143754	Fi_88A10	0	0	0.38588485
143754	At_71D1	0	0	0.57439893
143754	At_71C1	0	0	0.3333839
143754	Zm_62783	0	0	0.25749388
143754	Zm_85854	0	0	0.1690731
143754	Gm_88E3	0	0	0.13687772
143754	Zm_72068	0	0	0.15120558
143754	Lc_72B10	0	0	0.5097229
19309	UGT85K14	1	0	0.02255027
19309	UGT74B6	0	0	0.089458235
19309	UGT712E1	0	0	0.041187093
5280961	Fe_88J1	1	0	0.023411036
5280961	Zm_15991	0	0	0.020076135
5280961	Fe_72B19	0	0	0.009206086
5280961	Ct_71E5	0	0	0.016194027
5280961	Zm_51683	0	0	0.04402232
5280961	Os_88C1	0	0	0.023939472
5280961	Zm_43295	0	0	0.08661343
5280961	Dc_71F5	0	0	0.04251965
5280961	Rc_GT1	1	0	0.013754612
5280961	Sl_GT5	0	0	0.08081807
5280961	Fi_88A10	0	0	0.02477093
5280961	At_71C1	0	0	0.03253819
5280961	At_71C1	1	0	0.03253819
5280961	Zm_62783	1	0	0.058146704
5280961	Zm_85854	0	0	0.039916586
5280961	Gm_88E3	1	0	0.03980663
5280961	Zm_72068	1	0	0.09593974
5280961	Lc_72B10	0	0	0.020655926
5280961	Nt_UGT1	0	0	0.01792217
5280961	Pt_UGT1	0	0	0.012887038
5280961	At_72B1	0	0	0.021418478
5280961	At_72E2	0	0	0.071348965
5280961	Mt_71G1	0	0	0.07040051
5280961	TwUGT2	0	0	0.022476401
5280961	ApUFGT1	1	0	0.025130566
5280961	ApUFGT2	1	0	0.0035373296
5280961	ApUFGT3	1	0	0.005022365
5280961	UGT73A17	1	0	0.011225274
637566	Fe_88J1	0	1	0.06682648
637566	Zm_15991	0	1	0.038299996
637566	Fe_72B19	0	1	0.18771128
637566	Ct_71E5	0	1	0.22949596
637566	Zm_51683	0	1	0.08213622
637566	Os_88C1	0	1	0.109574154
637566	Zm_43295	0	1	0.3325827
637566	Rc_GT1	0	1	0.105799936
637566	Sl_GT5	0	1	0.21510975
637566	Fi_88A10	0	1	0.08204888
637566	At_71D1	0	1	0.22472829
637566	At_71C1	0	1	0.08139886
637566	Zm_62783	0	1	0.11437642
637566	Zm_85854	0	1	0.12410901
637566	Gm_88E3	0	1	0.1119762
637566	Zm_72068	0	1	0.27348393
637566	Lc_72B10	0	1	0.14742664
637566	Nt_UGT1	0	1	0.13634218
637566	Pt_UGT1	0	1	0.12530477
637566	At_72B1	0	1	0.20228297
637566	At_72E2	0	1	0.22108945
637566	Mt_71G1	0	1	0.30758888
637566	Mt_78G1	0	1	0.12833698
637566	PpUGT85A2	1	1	0.2470782
442793	Fe_88J1	0	0	0.14707004
442793	Zm_15991	0	0	0.05270002
442793	Fe_72B19	0	0	0.0389328
442793	Ct_71E5	0	0	0.056830734
442793	Zm_51683	0	0	0.07580042
442793	Os_88C1	0	0	0.069241025
442793	Zm_43295	0	0	0.16061763
442793	Dc_71F5	0	0	0.31667185
442793	Rc_GT1	0	0	0.16158679
442793	Sl_GT5	0	0	0.1452496
442793	Fi_88A10	0	0	0.14990562
442793	At_71D1	0	0	0.09229762
442793	Zm_62783	0	0	0.06779228
442793	Zm_85854	0	0	0.12844439
442793	Gm_88E3	0	0	0.05139987
442793	Zm_72068	0	0	0.12772356
442793	Lc_72B10	0	0	0.08331158
65243	Nt_UGT1	0	0	0.008575912
65243	Pt_UGT1	0	0	0.055936057
65243	At_72B1	0	0	0.027984666
65243	At_72E2	0	0	0.03640101
65243	Mt_71G1	0	0	0.023423053
65243	Mt_78G1	0	0	0.014546751
3001686	Nt_UGT1	0	0	0.13873999
3001686	Pt_UGT1	0	0	0.09571583
3001686	At_72B1	0	0	0.18161322
3001686	At_72E2	0	0	0.2703087
3001686	Mt_71G1	0	0	0.4904347
3001686	Mt_78G1	0	0	0.38139537
227829	Nt_UGT1	0	0	0.07202424
227829	Pt_UGT1	0	0	0.24136503
227829	At_72B1	0	0	0.208775
227829	At_72E2	0	0	0.39496017
227829	Mt_71G1	0	0	0.57183295
227829	Mt_78G1	0	0	0.27976027
114840	Nt_UGT1	0	0	0.0024130647
114840	Pt_UGT1	0	0	0.009705707
114840	At_72B1	0	0	0.0038875833
114840	At_72E2	0	0	0.01446672
114840	Mt_71G1	0	0	0.018705985
114840	Mt_78G1	0	0	0.010617075
12310492	Nt_UGT1	0	0	0.0053972946
12310492	Pt_UGT1	0	0	0.012042553
12310492	At_72B1	0	0	0.010625768
12310492	At_72E2	0	0	0.01907907
12310492	Mt_71G1	0	0	0.03851639
12310492	Mt_78G1	0	0	0.040999684
33931	UGT85K14	1	0	0.04349357
780	UGT71L2	0	6	0.04452861
285033	Nt_UGT1	0	0	0.0005309479
285033	Pt_UGT1	0	0	0.0014757372
285033	At_72B1	0	0	0.0011505964
285033	At_72E2	0	0	0.012292841
285033	Mt_71G1	0	0	0.020310111
285033	Mt_78G1	0	0	0.030398829
1738	Fe_88J1	0	0	0.093375295
1738	Zm_15991	0	0	0.04734776
1738	Fe_72B19	0	0	0.27196702
1738	Ct_71E5	0	0	0.1480402
1738	Zm_51683	0	0	0.08268535
1738	Os_88C1	0	0	0.09738505
1738	Zm_43295	0	0	0.3910829
1738	Dc_71F5	0	0	0.4043302
1738	Rc_GT1	0	0	0.14164871
1738	Sl_GT5	0	0	0.395655
1738	Fi_88A10	0	0	0.321084
1738	At_71D1	0	0	0.24782392
1738	At_71C1	0	0	0.06643336
1738	Zm_62783	0	0	0.025515353
1738	Zm_85854	0	0	0.16210335
1738	Gm_88E3	0	0	0.1650603
1738	Zm_72068	0	0	0.2515814
1738	Lc_72B10	0	0	0.16158563
1738	Nt_UGT1	0	0	0.23060471
1738	Pt_UGT1	0	0	0.17362866
1738	At_72B1	0	0	0.19907664
1738	At_72E2	0	0	0.19455741
1738	Mt_71G1	0	0	0.35895625
1738	Mt_78G1	0	0	0.17652932
72303	Nt_UGT1	0	0	0.1023116
72303	Pt_UGT1	0	0	0.09910457
72303	At_72B1	0	0	0.11263626
72303	At_72E2	0	0	0.1956267
72303	Mt_71G1	0	0	0.3635299
72303	Mt_78G1	0	0	0.17574704
5366264	Nt_UGT1	0	0	0.28874657
5366264	Pt_UGT1	0	0	0.21932814
5366264	At_72B1	0	0	0.3802161
5366264	At_72E2	0	0	0.44481266
5366264	Mt_71G1	0	0	0.46887213
5366264	Mt_78G1	0	0	0.22667253
854026	Nt_UGT1	0	0	0.06286347
854026	Pt_UGT1	0	0	0.0334917
854026	At_72B1	0	0	0.008864779
854026	At_72E2	0	0	0.025888538
854026	Mt_71G1	0	0	0.056167204
854026	Mt_78G1	0	0	0.11916557
5912039	Fe_88J1	0	0	0.0105355065
5912039	Zm_15991	0	0	0.01865742
5912039	Fe_72B19	0	0	0.008290046
5912039	Ct_71E5	0	0	0.0179405
5912039	Zm_51683	0	0	0.028575365
5912039	Os_88C1	0	0	0.048081502
5912039	Zm_43295	0	0	0.025433559
5912039	Dc_71F5	0	0	0.13470636
5912039	Rc_GT1	0	0	0.024352282
5912039	Sl_GT5	0	0	0.1602408
5912039	Fi_88A10	0	0	0.03971012
5912039	At_71D1	0	0	0.023944644
5912039	At_71C1	0	0	0.04585286
5912039	Zm_62783	0	0	0.2306842
5912039	Zm_85854	0	0	0.020732839
5912039	Gm_88E3	0	0	0.04449086
5912039	Zm_72068	0	0	0.10840533
5912039	Lc_72B10	0	0	0.1271776
155240	Nt_UGT1	0	0	0.0114489095
155240	Pt_UGT1	0	0	0.06654154
155240	At_72B1	0	0	0.044405676
155240	At_72E2	0	0	0.03276065
155240	Mt_71G1	0	0	0.025866626
155240	Mt_78G1	0	0	0.038163964
11876195	Nt_UGT1	0	0	0.043626823
11876195	Pt_UGT1	0	0	0.08398315
11876195	At_72B1	0	0	0.03550812
11876195	At_72E2	0	0	0.07931269
11876195	Mt_71G1	0	0	0.22520012
11876195	Mt_78G1	0	0	0.12946606
23581946	Nt_UGT1	0	0	0.027966361
23581946	Pt_UGT1	0	0	0.040710118
23581946	At_72B1	0	0	0.039554846
23581946	At_72E2	0	0	0.024449714
23581946	Mt_71G1	0	0	0.026253983
23581946	Mt_78G1	0	0	0.003288414
5281654	UGT71L2	0	0	0.02635664
99514	Nt_UGT1	0	0	0.001145149
99514	Pt_UGT1	0	0	0.02804801
99514	At_72B1	0	0	0.033048388
99514	At_72E2	0	0	0.039494447
99514	Mt_71G1	0	0	0.08732186
99514	Mt_78G1	0	0	0.024558181
5280863	TwUGT2	0	0	0.00027405567
5280863	ApUFGT1	1	0	0.0017067726
5280863	ApUFGT2	1	0	6.3640364e-05
5280863	ApUFGT3	1	0	0.00030938725
5280863	UGT73A17	1	0	0.00064293056
16666	Nt_UGT1	0	1	0.0044703125
16666	Pt_UGT1	0	1	0.008477604
16666	At_72B1	0	1	0.009880476
16666	At_72E2	0	1	0.010214125
16666	Mt_71G1	0	1	0.036415514
16666	Mt_78G1	0	1	0.015426704
439378	Nt_UGT1	0	0	0.01038503
439378	Pt_UGT1	0	0	0.00678899
439378	At_72B1	0	0	0.0154033275
439378	At_72E2	0	0	0.015870009
439378	Mt_71G1	0	0	0.07261424
439378	Mt_78G1	0	0	0.026297672
6047	Nt_UGT1	0	8	0.0043723905
6047	Pt_UGT1	0	8	0.0076251705
6047	At_72B1	0	8	0.00903972
6047	At_72E2	0	8	0.0036440666
6047	Mt_71G1	0	8	0.007271784
6047	Mt_78G1	0	8	0.053724054
6549	Fe_88J1	0	0	0.38680828
6549	Zm_15991	0	0	0.16434442
6549	Fe_72B19	0	0	0.75114053
6549	Ct_71E5	0	0	0.70851
6549	Zm_51683	0	0	0.54126453
6549	Os_88C1	0	0	0.33666122
6549	Zm_43295	0	0	0.86602634
6549	Dc_71F5	0	0	0.87427926
6549	Rc_GT1	0	0	0.7996977
6549	Sl_GT5	0	0	0.72375023
6549	Fi_88A10	0	0	0.65097517
6549	At_71D1	0	0	0.712472
6549	At_71C1	0	0	0.42430723
6549	Zm_62783	0	0	0.45516688
6549	Zm_85854	0	0	0.43100584
6549	Gm_88E3	0	0	0.51068145
6549	Zm_72068	0	0	0.7433341
6549	Lc_72B10	0	0	0.6363415
6549	Nt_UGT1	0	0	0.6434694
6549	Pt_UGT1	0	0	0.5528978
6549	At_72B1	0	0	0.8674558
6549	At_72E2	0	0	0.668633
6549	Mt_71G1	0	0	0.85463357
6549	Mt_78G1	0	0	0.6716178
6549	PpUGT85A2	1	0	0.5731376
114829	TwUGT2	0	0	0.023429777
53232	Nt_UGT1	0	0	0.010369453
53232	At_72B1	0	0	0.011953639
53232	At_72E2	0	0	0.008839944
53232	Mt_71G1	1	0	0.015233585
53232	Mt_78G1	0	0	0.0032328041
5280445	Nt_UGT1	0	6	0.024459997
5280445	Pt_UGT1	0	6	0.02091273
5280445	At_72B1	0	6	0.022488603
5280445	At_72E2	0	6	0.079341784
5280445	Mt_71G1	0	6	0.06944664
5280445	Mt_78G1	0	6	0.023534384
5280445	TwUGT2	0	6	0.006810521
5280445	ApUFGT1	1	6	0.09198497
5280445	ApUFGT2	1	6	0.0041394033
5280445	ApUFGT3	1	6	0.043887023
5280445	UGT73A17	1	6	0.015214934
5280445	UGT71L2	0	6	0.04242155
73412	Nt_UGT1	0	0	0.008079024
73412	Pt_UGT1	0	0	0.0106694745
73412	At_72B1	0	0	0.021913458
73412	At_72E2	0	0	0.01089527
73412	Mt_71G1	0	0	0.124106444
1254	Fe_88J1	0	1	0.009710843
1254	Zm_15991	0	1	0.016331216
1254	Fe_72B19	0	1	0.00410933
1254	Ct_71E5	0	1	0.013872158
1254	Zm_51683	0	1	0.005538507
1254	Os_88C1	0	1	0.0063372944
1254	Zm_43295	0	1	0.053686034
1254	Dc_71F5	0	1	0.034744196
1254	Rc_GT1	0	1	0.012342556
1254	Sl_GT5	0	1	0.043063067
1254	Fi_88A10	0	1	0.026115792
1254	At_71D1	0	1	0.017856028
1254	At_71C1	0	1	0.031796664
1254	Zm_62783	0	1	0.05245818
1254	Zm_85854	0	1	0.020393206
1254	Gm_88E3	0	1	0.014871444
1254	Zm_72068	0	1	0.029687777
1254	Lc_72B10	0	1	0.0069959727
4133	Nt_UGT1	1	6	0.09350875
4133	Pt_UGT1	0	6	0.020849878
4133	At_72B1	1	6	0.07726234
4133	At_72E2	0	6	0.05821896
4133	Mt_78G1	0	6	0.042185053
124219	Nt_UGT1	0	0	0.024419904
124219	Pt_UGT1	0	0	0.015017668
124219	At_72B1	0	0	0.04343776
124219	At_72E2	0	0	0.009985979
124219	Mt_71G1	0	0	0.034375742
124219	Mt_78G1	0	0	0.006098103
5281672	UGT73A17	1	2	0.0009183695
932	Nt_UGT1	0	0	0.01071251
932	Pt_UGT1	0	0	0.018947845
932	At_72B1	0	0	0.054798495
932	At_72E2	0	0	0.022843296
932	Mt_78G1	0	0	0.023761842
932	ApUFGT1	1	0	0.025693992
932	ApUFGT2	1	0	0.0023525804
932	ApUFGT3	1	0	0.010089086
932	UGT73A17	1	0	0.013286053
133766	TwUGT2	0	0	0.0070337746
5284507	Nt_UGT1	0	1	0.20883422
5284507	Pt_UGT1	0	1	0.23134717
5284507	At_72B1	0	1	0.21923774
5284507	At_72E2	0	1	0.31220204
5284507	Mt_71G1	0	1	0.3415458
5284507	Mt_78G1	0	1	0.20597629
26305	ApUFGT1	0	0	0.067283414
26305	ApUFGT2	0	0	0.025177462
26305	ApUFGT3	0	0	0.023841575
26305	TwUGT2	0	0	0.018414605
14427423	Nt_UGT1	0	0	0.016836695
14427423	Pt_UGT1	0	0	0.0050406842
14427423	At_72B1	0	0	0.0026884496
14427423	At_72E2	0	0	0.017018223
14427423	Mt_71G1	0	0	0.07833704
14427423	Mt_78G1	0	0	0.00720612
5320315	ApUFGT1	1	0	0.073264875
5320315	ApUFGT2	1	0	0.014893424
5320315	ApUFGT3	1	0	0.056825873
10955174	Nt_UGT1	0	0	0.021043243
10955174	Pt_UGT1	0	0	0.008513319
10955174	At_72B1	0	0	0.02314846
10955174	At_72E2	0	0	0.026770268
10955174	Mt_71G1	0	0	0.0523355
10955174	Mt_78G1	0	0	0.13102071
10819	Nt_UGT1	0	1	0.049801037
10819	Pt_UGT1	0	1	0.040972095
10819	At_72B1	0	1	0.0923872
10819	At_72E2	0	1	0.05359998
10819	Mt_71G1	0	1	0.057238024
10819	Mt_78G1	0	1	0.0384076
996	UGT71L2	1	2	0.30121598
4788	Fe_88J1	1	1	0.06753157
4788	Zm_15991	1	1	0.023750216
4788	Fe_72B19	0	1	0.05291854
4788	Ct_71E5	1	1	0.08454498
4788	Zm_51683	0	1	0.047650542
4788	Os_88C1	0	1	0.044911165
4788	Zm_43295	1	1	0.09697531
4788	Dc_71F5	0	1	0.24836272
4788	Rc_GT1	0	1	0.07626021
4788	Sl_GT5	0	1	0.1872573
4788	Fi_88A10	0	1	0.0969978
4788	At_71D1	0	1	0.12699404
4788	At_71C1	0	1	0.02058002
4788	Zm_62783	1	1	0.053360958
4788	Zm_85854	0	1	0.08179167
4788	Gm_88E3	1	1	0.047041513
4788	Zm_72068	0	1	0.09367461
4788	Lc_72B10	1	1	0.037439857
4788	TwUGT2	0	1	0.05454299
4788	ApUFGT1	1	1	0.13818257
4788	ApUFGT2	1	1	0.057352595
4788	ApUFGT3	1	1	0.075996555
68071	TwUGT2	1	0	0.014562797
73399	Fe_88J1	0	0	0.027218813
73399	Zm_15991	0	0	0.03691038
73399	Fe_72B19	0	0	0.018067352
73399	Ct_71E5	0	0	0.06576446
73399	Zm_51683	0	0	0.07471477
73399	Os_88C1	0	0	0.019716673
73399	Zm_43295	0	0	0.3061594
73399	Dc_71F5	0	0	0.08755407
73399	Rc_GT1	0	0	0.12300295
73399	Sl_GT5	0	0	0.1684021
73399	Fi_88A10	0	0	0.08818502
73399	At_71D1	0	0	0.13810217
73399	At_71C1	0	0	0.07489258
73399	Zm_62783	0	0	0.026910456
73399	Zm_85854	0	0	0.035124633
73399	Gm_88E3	0	0	0.012438748
73399	Zm_72068	0	0	0.064311534
73399	Lc_72B10	0	0	0.030470207
73399	Nt_UGT1	0	0	0.03945674
73399	Pt_UGT1	0	0	0.03707735
73399	At_72B1	0	0	0.0705954
73399	At_72E2	0	0	0.024767902
73399	Mt_71G1	0	0	0.08293061
73399	Mt_78G1	0	0	0.13529956
122738	Nt_UGT1	0	0	0.021958359
122738	Pt_UGT1	0	0	0.004216515
122738	At_72B1	0	0	0.055793103
122738	At_72E2	0	0	0.015345874
122738	Mt_71G1	0	0	0.01884807
122738	Mt_78G1	0	0	0.05232452
53377390	Nt_UGT1	0	0	0.02186216
53377390	Pt_UGT1	0	0	0.015556706
53377390	At_72B1	0	0	0.011032924
53377390	At_72E2	0	0	0.0192591
53377390	Mt_71G1	0	0	0.017788153
53377390	Mt_78G1	0	0	0.07922331
5280343	Fe_88J1	0	9	0.004590827
5280343	Zm_15991	0	9	0.002470365
5280343	Fe_72B19	0	9	0.0011290159
5280343	Ct_71E5	0	9	0.0030630773
5280343	Zm_51683	0	9	0.0012298403
5280343	Os_88C1	0	9	0.0010938998
5280343	Zm_43295	0	9	0.023054834
5280343	Dc_71F5	0	9	0.031984113
5280343	Rc_GT1	0	9	0.003609966
5280343	Sl_GT5	0	9	0.02701872
5280343	Fi_88A10	0	9	0.004742386
5280343	At_71C1	1	9	0.0046371534
5280343	Zm_62783	0	9	0.004880897
5280343	Gm_88E3	1	9	0.005245311
5280343	Zm_72068	1	9	0.00805686
5280343	Lc_72B10	0	9	0.0025145893
5280343	Nt_UGT1	0	9	0.008506315
5280343	Pt_UGT1	0	9	0.0008807564
5280343	At_72B1	0	9	0.0015247538
5280343	At_72E2	0	9	0.009253703
5280343	Mt_71G1	0	9	0.017155558
5280343	Mt_78G1	1	9	0.0015039573
5280343	TwUGT2	1	9	0.00059489824
5280343	UGT73A17	1	9	0.0007886247
5280343	UGT71L2	0	9	0.008424091
21648	Nt_UGT1	0	0	0.017080177
21648	Pt_UGT1	0	0	0.051679585
21648	At_72B1	0	0	0.035012048
21648	At_72E2	0	0	0.10855273
21648	Mt_71G1	0	0	0.043473955
21648	Mt_78G1	0	0	0.037423097
445154	Fe_88J1	0	0	0.08157156
445154	Zm_15991	0	0	0.023375489
445154	Fe_72B19	0	0	0.032952957
445154	Ct_71E5	0	0	0.039009206
445154	Zm_51683	0	0	0.04974492
445154	Os_88C1	0	0	0.044632494
445154	Zm_43295	0	0	0.22987652
445154	Dc_71F5	0	0	0.26147503
445154	Rc_GT1	0	0	0.12376787
445154	Sl_GT5	1	0	0.29084092
445154	Fi_88A10	0	0	0.16565566
445154	At_71D1	0	0	0.19711177
445154	At_71C1	0	0	0.031820748
445154	Zm_62783	0	0	0.06202177
445154	Zm_85854	0	0	0.05418788
445154	Gm_88E3	1	0	0.04003056
445154	Zm_72068	0	0	0.082196645
445154	Lc_72B10	0	0	0.11742296
439653	Nt_UGT1	0	1	0.012069639
439653	Pt_UGT1	0	1	0.035347793
439653	At_72B1	0	1	0.037855495
439653	At_72E2	0	1	0.028188305
439653	Mt_71G1	0	1	0.07282118
439653	Mt_78G1	0	1	0.10298839
5320954	TwUGT2	0	0	0.06821602
5146	UGT71L2	1	0	0.07480243
12731046	UGT71L2	0	0	0.25073627
12731045	UGT71L2	1	0	0.01875653
6998	UGT71L2	1	0	0.04994886
338	UGT71L2	0	8	0.03646524
188297	Nt_UGT1	0	0	0.13153127
188297	Pt_UGT1	0	0	0.18067528
188297	At_72B1	0	0	0.13988276
188297	At_72E2	0	0	0.25908735
188297	Mt_71G1	0	0	0.4816359
188297	Mt_78G1	0	0	0.098925285
5280460	Fe_88J1	0	1	0.13877238
5280460	Zm_15991	0	1	0.13955924
5280460	Fe_72B19	0	1	0.16376871
5280460	Ct_71E5	0	1	0.09871369
5280460	Zm_51683	0	1	0.12043237
5280460	Os_88C1	0	1	0.10339281
5280460	Zm_43295	0	1	0.47247997
5280460	Rc_GT1	0	1	0.09975761
5280460	Sl_GT5	0	1	0.42520452
5280460	Fi_88A10	0	1	0.33027852
5280460	At_71D1	0	1	0.39659056
5280460	At_71C1	1	1	0.12558365
5280460	Zm_62783	0	1	0.17595409
5280460	Zm_85854	1	1	0.12108448
5280460	Gm_88E3	0	1	0.125812
5280460	Zm_72068	1	1	0.12948164
5280460	Lc_72B10	0	1	0.13794723
5280460	Nt_UGT1	0	1	0.14975232
5280460	Pt_UGT1	0	1	0.16216512
5280460	At_72B1	1	1	0.24957922
5280460	At_72B1	0	1	0.24957922
5280460	At_72E2	1	1	0.26250738
5280460	At_72E2	0	1	0.26250738
5280460	Mt_71G1	0	1	0.2508515
5280460	Mt_78G1	0	1	0.1810659
68289	Fe_88J1	0	0	0.038353547
68289	Zm_15991	0	0	0.05512986
68289	Fe_72B19	0	0	0.014868377
68289	Zm_51683	1	0	0.029627413
68289	Os_88C1	0	0	0.047410935
68289	Zm_43295	0	0	0.06619148
68289	Dc_71F5	0	0	0.11176756
68289	Rc_GT1	0	0	0.055225067
68289	Sl_GT5	0	0	0.12304942
68289	At_71D1	0	0	0.11249307
68289	At_71C1	0	0	0.060209423
68289	Zm_62783	0	0	0.058446024
68289	Zm_85854	1	0	0.040287074
68289	Gm_88E3	0	0	0.03593908
68289	Zm_72068	0	0	0.077862196
68289	Lc_72B10	0	0	0.041307587
68289	Nt_UGT1	0	0	0.023584845
68289	Pt_UGT1	0	0	0.019971456
68289	At_72B1	1	0	0.035781667
68289	At_72E2	0	0	0.08097421
68289	Mt_71G1	0	0	0.060567275
68289	Mt_78G1	0	0	0.09576027
31553	Fe_88J1	0	0	0.00643928
31553	Zm_15991	0	0	0.007843385
31553	Fe_72B19	0	0	0.013282247
31553	Ct_71E5	1	0	0.0062910137
31553	Zm_51683	0	0	0.005639654
31553	Os_88C1	0	0	0.006133847
31553	Zm_43295	1	0	0.031722307
31553	Dc_71F5	0	0	0.022531243
31553	Rc_GT1	0	0	0.03405615
31553	Sl_GT5	0	0	0.08569964
31553	Fi_88A10	0	0	0.020019522
31553	At_71D1	1	0	0.037890125
31553	Zm_62783	0	0	0.019729951
31553	Zm_85854	0	0	0.011809041
31553	Gm_88E3	0	0	0.0060794065
31553	Zm_72068	0	0	0.064598806
31553	Lc_72B10	0	0	0.008403221
72936	Nt_UGT1	0	0	0.005408054
72936	Pt_UGT1	0	0	0.003066497
72936	At_72B1	0	0	0.0068778372
72936	At_72E2	0	0	0.02597858
72936	Mt_71G1	0	0	0.019047108
72936	Mt_78G1	0	0	0.0027116926
7172	Nt_UGT1	0	0	0.03530867
7172	Pt_UGT1	0	0	0.041996345
7172	At_72B1	0	0	0.06177931
7172	At_72E2	0	0	0.06619389
7172	Mt_71G1	0	0	0.069519766
7172	Mt_78G1	0	0	0.024785254
10742	Nt_UGT1	0	0	0.67715275
10742	Pt_UGT1	0	0	0.3006669
10742	At_72B1	0	0	0.7342292
10742	At_72E2	1	0	0.55935335
10742	Mt_71G1	1	0	0.6331184
10742	Mt_78G1	1	0	0.30939543
7041	Fe_88J1	0	0	0.1780446
7041	Zm_15991	1	0	0.262477
7041	Fe_72B19	1	0	0.13570975
7041	Ct_71E5	0	0	0.23459388
7041	Zm_51683	0	0	0.25696224
7041	Os_88C1	0	0	0.24004889
7041	Zm_43295	0	0	0.49437818
7041	Dc_71F5	1	0	0.42636368
7041	Rc_GT1	0	0	0.24404779
7041	Sl_GT5	1	0	0.5058171
7041	Fi_88A10	0	0	0.22117469
7041	At_71C1	0	0	0.31192428
7041	Zm_62783	0	0	0.19841923
7041	Zm_85854	0	0	0.2092156
7041	Gm_88E3	0	0	0.17048706
7041	Zm_72068	0	0	0.1794823
7041	Lc_72B10	1	0	0.39213285
7041	Nt_UGT1	1	0	0.2422343
7041	Pt_UGT1	1	0	0.1239499
7041	At_72B1	1	0	0.35458824
7041	At_72E2	1	0	0.2923294
7041	Mt_78G1	0	0	0.18696864
27582	Nt_UGT1	1	0	0.06086076
27582	Pt_UGT1	1	0	0.08043645
27582	At_72B1	1	0	0.05227491
27582	At_72E2	1	0	0.08113507
27582	Mt_71G1	0	0	0.23194787
27582	Mt_78G1	0	0	0.12316288
17100	Fe_88J1	0	0	0.09760064
17100	Zm_15991	0	0	0.12743749
17100	Fe_72B19	0	0	0.0506906
17100	Ct_71E5	0	0	0.0997148
17100	Zm_51683	0	0	0.19994435
17100	Os_88C1	0	0	0.11445632
17100	Zm_43295	0	0	0.41016114
17100	Dc_71F5	0	0	0.23346587
17100	Rc_GT1	0	0	0.36782664
17100	Sl_GT5	0	0	0.48027807
17100	Fi_88A10	0	0	0.17390975
17100	At_71D1	0	0	0.36414823
17100	At_71C1	0	0	0.28838792
17100	Zm_62783	0	0	0.1503946
17100	Zm_85854	0	0	0.2143087
17100	Gm_88E3	0	0	0.14644139
17100	Zm_72068	0	0	0.32442442
17100	Lc_72B10	0	0	0.34869418
17100	Nt_UGT1	0	0	0.11251612
17100	Pt_UGT1	0	0	0.070004374
17100	At_72B1	0	0	0.2903596
17100	At_72E2	0	0	0.18942747
17100	Mt_71G1	0	0	0.3203094
17100	Mt_78G1	0	0	0.39791778
135403798	Nt_UGT1	0	0	0.030274536
135403798	Pt_UGT1	0	0	0.002267047
135403798	At_72B1	0	0	0.008002256
135403798	At_72E2	0	0	0.0041505066
135403798	Mt_71G1	0	0	0.07609234
135403798	Mt_78G1	0	0	0.0061333696
6989	Fe_88J1	0	0	0.054711096
6989	Zm_15991	0	0	0.08100995
6989	Fe_72B19	0	0	0.04084226
6989	Ct_71E5	0	0	0.06127232
6989	Zm_51683	0	0	0.102554984
6989	Os_88C1	0	0	0.12389641
6989	Zm_43295	0	0	0.14359966
6989	Rc_GT1	0	0	0.09410176
6989	Sl_GT5	0	0	0.36655262
6989	At_71C1	0	0	0.16185528
6989	Zm_62783	0	0	0.060011506
6989	Zm_85854	0	0	0.15921995
6989	Gm_88E3	0	0	0.049367893
6989	Zm_72068	0	0	0.15481624
6989	Lc_72B10	0	0	0.11564741
6989	Nt_UGT1	0	0	0.04933172
6989	Pt_UGT1	0	0	0.08129495
6989	At_72B1	1	0	0.12714748
6989	At_72E2	0	0	0.070624605
6989	Mt_71G1	0	0	0.27336428
6989	Mt_78G1	0	0	0.11407877
5281701	UGT73A17	1	0	0.0073193964
107985	TwUGT2	0	0	0.0010325847
173273	TwUGT2	0	0	0.01225265
173273	TwUGT1	1	0	0.09214927
5281703	ApUFGT1	1	0	0.36932784
5281703	ApUFGT2	1	0	0.005992988
5281703	ApUFGT3	1	0	0.059809092
65090	Fe_88J1	0	0	0.024549931
65090	Zm_15991	1	0	0.022264544
65090	Fe_72B19	0	0	0.008868417
65090	Ct_71E5	1	0	0.02407474
65090	Zm_51683	0	0	0.014641872
65090	Os_88C1	0	0	0.013490748
65090	Zm_43295	0	0	0.13007765
65090	Dc_71F5	1	0	0.060092658
65090	Rc_GT1	0	0	0.017391099
65090	Fi_88A10	0	0	0.029406657
65090	At_71D1	1	0	0.1192162
65090	At_71C1	1	0	0.020288091
65090	Zm_85854	1	0	0.0762168
65090	Gm_88E3	0	0	0.022959938
65090	Zm_72068	0	0	0.024155559
65090	Lc_72B10	0	0	0.027482273
65090	Nt_UGT1	0	0	0.023420049
65090	Pt_UGT1	0	0	0.041600835
65090	At_72B1	0	0	0.02676804
65090	At_72E2	0	0	0.02379855
65090	Mt_71G1	1	0	0.043709822
65090	Mt_78G1	0	0	0.04307633
31211	Fe_88J1	0	0	0.061878923
31211	Zm_15991	0	0	0.026998822
31211	Fe_72B19	0	0	0.19981655
31211	Ct_71E5	0	0	0.05575679
31211	Zm_51683	0	0	0.049688227
31211	Os_88C1	0	0	0.04629113
31211	Zm_43295	0	0	0.13494857
31211	Dc_71F5	0	0	0.23145835
31211	Rc_GT1	0	0	0.22044906
31211	Sl_GT5	0	0	0.333139
31211	Fi_88A10	0	0	0.2899145
31211	At_71D1	0	0	0.1827782
31211	At_71C1	0	0	0.030612176
31211	Zm_62783	0	0	0.023850676
31211	Zm_85854	0	0	0.12653007
31211	Gm_88E3	0	0	0.085682586
31211	Zm_72068	0	0	0.11988009
31211	Lc_72B10	0	0	0.07502211
31211	Nt_UGT1	0	0	0.06628109
31211	Pt_UGT1	0	0	0.18684138
31211	At_72B1	0	0	0.18942198
31211	Mt_71G1	0	0	0.07326175
31211	Mt_78G1	0	0	0.12883355
6406	UGT85K14	0	0	0.42172197
13601	UGT71L2	0	0	0.31700447
128861	UGT85K14	0	2	0.056528676
637566	UGT85K14	0	1	0.2420197
5280863	UGT85K14	0	0	0.00072086893
6549	UGT85K14	0	0	0.50984967
220184	UGT74B1	1	0	0.41106158
3295299	UGT74B1	1	0	0.40435547
3295299	UGT74B1 mut H22A	1	0	0.25249922
3295299	UGT74B1 mut D113A	1	0	0.43020418
4118131	UGT74B1	1	0	0.3075932
102334912	UGT74B1	1	0	0.5741627
102334912	UGT74B1 mut H22A	1	0	0.4991161
102334912	UGT74B1 mut D113A	1	0	0.61467505
5280343	UGT85K14	0	9	0.0025414
7969	UGT74B1	1	0	0.4945852
444539	UGT85K14	0	11	0.054182235
445154	UGT85K14	0	0	0.04127879
449093	UGT85K14	0	0	0.10654654
5363817	UGT72AY1	1	0	0.13193698
5363817	UGT73A24	1	0	0.0562876
5363817	UGT73A25	1	0	0.057996023
5363817	UGT85A73	1	0	0.024861725
17100	PpUGT85A2	1	0	0.17115465
5373729	UGT72AY1	1	0	0.11029666
5373729	UGT73A24	1	0	0.13881221
5373729	UGT73A25	1	0	0.08731511
5373729	UGT85A73	1	0	0.011567878
5484169	UGT73B4	1	0	0.025735887
5375469	UGT73B4	1	0	0.07696107
5484169	UGT73C1	1	0	0.097923025
5375469	UGT73C1	1	0	0.13305694
21932272	OsCGT	1	0	0.034605384
90657995	OsCGT	1	0	0.03388811
4788	OsCGT	1	1	0.10539823
21611827	OsCGT	1	0	0.030991063
68146761	OsCGT	1	0	0.031464785
77093	OsCGT	1	0	0.24756075
21932272	ZmUGT/UGT708A6	0	0	0.047463853
21932272	FeCGTa/UGT708C1	1	0	0.012430211
90657995	FeCGTa/UGT708C1	1	0	0.013494499
42607887	FeCGTa/UGT708C1	1	0	0.010086691
4788	FeCGTa/UGT708C1	1	1	0.038721073
689111	FeCGTa/UGT708C1	1	0	0.03528572
68073	FeCGTa/UGT708C1	1	0	0.055727925
68099	FeCGTa/UGT708C1	1	0	0.03640097
21932272	FeCGTb/UGT708C2	1	0	0.012488048
90657995	FeCGTb/UGT708C2	1	0	0.0086124325
42607887	FeCGTb/UGT708C2	1	0	0.014854351
4788	FeCGTb/UGT708C2	1	1	0.07142919
689111	FeCGTb/UGT708C2	1	0	0.07895182
68073	FeCGTb/UGT708C2	1	0	0.052610718
68099	FeCGTb/UGT708C2	1	0	0.04004537
21932272	GmCGT/UGT708D1	0	0	0.013339851
5280443	GtUF6CGT1	1	2	0.028051423
5280445	GtUF6CGT1	1	6	0.09443977
68213	MiCGT	1	0	0.083668195
5281656	MiCGT	1	0	0.05255609
4788	MiCGTb	1	1	0.056485195
21932272	FcCGT/UGT708G1	1	0	0.016929073
42607887	FcCGT/UGT708G1	1	0	0.020954441
4788	FcCGT/UGT708G1	1	1	0.029413022
689111	FcCGT/UGT708G1	1	0	0.0058946833
68213	FcCGT/UGT708G1	1	0	0.01630575
68073	FcCGT/UGT708G1	1	0	0.02841762
68099	FcCGT/UGT708G1	1	0	0.027604487
129320322	FcCGT/UGT708G1	1	0	0.0014042218
21722188	FcCGT/UGT708G1	1	0	0.0050085993
6072	FcCGT/UGT708G1	1	0	0.19660549
21932272	CuCGT/UGT708G2	1	0	0.013749981
42607887	CuCGT/UGT708G2	1	0	0.01713319
4788	CuCGT/UGT708G2	1	1	0.03183571
689111	CuCGT/UGT708G2	1	0	0.006162899
68213	CuCGT/UGT708G2	1	0	0.014207599
68073	CuCGT/UGT708G2	1	0	0.026141383
68099	CuCGT/UGT708G2	1	0	0.019860024
129320322	CuCGT/UGT708G2	1	0	0.0015477807
21722188	CuCGT/UGT708G2	1	0	0.0057815863
6072	CuCGT/UGT708G2	1	0	0.18851942
5281708	PlUGT43	0	0	0.12158283
5280961	PlUGT43	0	0	0.013377125
5280443	TcCGT1	1	2	0.0036268032
5280445	TcCGT1	1	6	0.008975108
5280443	WjGT1/UGT84A57	1	2	0.040869616
5280445	WjGT1/UGT84A57	1	6	0.10112923
4788	WjGT1/UGT84A57	1	1	0.11699682
5280863	WjGT1/UGT84A57	1	0	0.002537249
5280343	WjGT1/UGT84A57	1	9	0.0054395227
932	WjGT1/UGT84A57	1	0	0.011660543
21722188	GgCGT/UGT708B4	1	0	0.015048601
4788	OsCGT2/UGT708A4	0	1	0.10539823
21932272	OsCGT2/UGT708A4	0	0	0.034605384
4788	OsCGT3/UGT708A2	0	1	0.10539823
4788	OsCGT6/UGT708A40	0	1	0.10539823
4788	TaCGT1-A/UGT708A14	0	1	0.01696001
21932272	TaCGT1-A/UGT708A14	0	0	0.025883717
4788	TaCGT1-B/UGT708A52	0	1	0.03363553
4788	TaCGT1-D/UGT708A53	0	1	0.034980807
21932272	TaCGT1-D/UGT708A53	0	0	0.03088675
4788	TaCGT2-A/UGT708A15	0	1	0.01696001
4788	TaCGT2-B/UGT708A54	0	1	0.060100373
4788	SbCGT1/UGT708A36	0	1	0.025302742
21932272	SbCGT1/UGT708A36	0	0	0.019405007
4788	SbCGT2/UGT708A35	0	1	0.046649616
4788	SbCGT3/UGT708A34	0	1	0.023754278
4788	ZmCGT2/UGT708A5	0	1	0.046573818
4788	ZmCGT3/UGT708A11	0	1	0.01696001
4788	ZmCGT4/UGT708A41	0	1	0.048592042
4788	ZmCGT5/UGT708A42	0	1	0.048592042
4788	SiCGT1/UGT708A31	0	1	0.038941648
21932272	SiCGT1/UGT708A31	0	0	0.020306956
4788	SiCGT2/UGT708A32	0	1	0.11908579
4788	SiCGT3/UGT708A33	0	1	0.06278473
4788	BdCGT1/UGT708A7	0	1	0.051511038
21932272	BdCGT1/UGT708A7	0	0	0.030743256
4788	BdCGT2/UGT708A8	0	1	0.045315288
4788	PhCGT1/UGT708A43	0	1	0.048592042
21932272	PhCGT1/UGT708A43	0	0	0.015777444
4788	PhCGT2/UGT708A46	0	1	0.048592042
4788	PgCGT1/UGT708A44	0	1	0.048592042
21932272	PgCGT1/UGT708A44	0	0	0.015777444
4788	PpCGT1/UGT708A45	0	1	0.048592042
34231	IroB	1	0	0.009021422
5327038	IroB	1	0	0.10206043
101763507	IroB	1	0	0.0048282715
9883304	DcUGT2	0	0	0.062137853
11727234	DcUGT2	0	0	0.051124286
