cid	MDS_01	MDS_02	MDS_03	MDS_04	MDS_05	MDS_06	MDS_07	MDS_08	MDS_09	MDS_10	MDS_11	MDS_12
10154	0.581315590257952	1.1905451721935463	-1.1456573314291933	-0.8983664914627086	0.8407738574501157	-2.6160163055255308	2.493832585808009	3.6553048302953095	-1.8965567511400574	1.0670915959337903	-2.7325506765411327	1.0813904866555835
611808	-0.8968895173949706	-2.6412019655364696	-0.08701134027409307	-0.6980692285967063	1.2942618265211097	2.003752208460592	-0.12928169360993325	-0.22811606436502918	-0.06738401058787342	1.3392665046328964	-1.640566731968376	2.0969195371541143
53441188	0.6649837256826123	1.2317932754023777	1.0367946052347148	-0.6686508489590614	-0.7571905425370083	1.1686187475121415	-1.9730700895344426	-1.4300536536626207	0.32777452029694926	1.9332145388295572	0.05723512964198224	2.7438273520993093
67591	1.7082846443893207	1.4371388243314938	-0.6192524787554351	1.231679780835656	0.011022739856549902	2.488584294681445	0.6270211890800289	0.6586006924346974	-0.033060749751290766	-0.02647504885518843	2.0306593002902695	0.4811864591451502
9229	-0.49041780861749795	-0.44465183596311925	0.6173526680569095	0.17176557203166287	0.788233390963963	2.5509274754936824	0.4490808422375651	-0.26385835660015367	0.5253423118871468	-0.4008722389534262	-0.8171720473314711	-0.2713583978326846
5375469	-0.34687072876533537	-0.4464483548140548	2.1452290029239336	-0.8777693732253263	2.3097208883476914	0.6203492808021972	0.2402472600075639	-0.7102426958755141	1.0535165222960077	-3.4030811403165964	-0.9116362011522131	1.7883831442653857
107126	-0.04694072725673167	2.721713225171907	-1.4066142636771115	-0.007859276792392294	-2.3131366979511268	0.3266762646315894	0.39508840157620173	-2.8418843510795635	-1.8678398897288684	-1.9889057304419284	-0.5361254499441109	-0.061635825159344786
135402013	0.8868707478996011	-0.15688229361106729	5.364705194570284	1.9245109878264206	1.8041503475155636	3.7326581236927354	-3.4062251077611947	0.03576799992764904	-2.7536192080739883	-1.0699375096894728	-2.2186992072472442	-0.8031454642126238
681	-0.5712931757394097	-0.6640677683668766	-0.7291305323249562	-0.027414740779231218	2.6139484956612997	-1.3644682137566673	0.40496977259350647	-1.2220864875080188	0.7368192200044673	-1.1259328801129262	-0.8395248897026549	0.1924625234859018
114840	0.3820308490649265	-2.7881488507226293	-1.607061153304813	-1.1591881476979298	0.6878238943784987	-1.620861824928881	0.06388558510192545	-0.9810451807636067	-1.7895582818255058	-1.0878705272191298	-3.240907544209018	-0.30703220908768764
72276	0.9792343511176385	-1.9113161052014853	1.0279362290184488	1.133909426035699	2.3569151667185277	-1.7937631137356995	3.318686970066396	0.5336287521279116	-0.03788947347671664	-0.7504592250381642	-2.0117753893826182	-1.0552058375173698
94525	-0.5034318870735907	-0.8898912681030827	2.6423744764547625	-1.5525449568013618	1.7130578382794182	-1.4619105719023808	-0.15538379864608187	0.7825996752852483	0.2724789571015473	2.479724683536285	2.8443793865591904	-0.4530146102424581
148791698	-0.8925392199556857	2.5572464388089835	0.5808486536292302	0.8488661061664043	1.4618976150047864	1.426238648340309	1.8844672361041255	0.7033099028281543	0.853636261001426	1.2540535486956905	3.334388832727941	1.6540962491702311
73412	-1.6562577579903317	-0.48066208449564574	0.6905236967403784	-2.0655548739699117	-4.182378094596665	-0.05178932466086206	-1.974137170055308	-0.23767446201596001	-2.1689497146722716	-5.716289463750189	-1.9673282886325227	2.6382664229414394
5793	-0.9926347841726854	0.6281927506988118	-0.03419408265490514	2.5554836995312993	0.8579190162733913	0.05778050998459291	-0.45927487962151564	-0.9210728370326929	-0.30739217139108327	-1.369748161605224	-1.3205729213449826	-2.182444103979012
68481	-0.5336802494269591	0.6957107278221656	-0.06842523226549917	-2.487234262167249	-1.1429206482853405	-0.8822151338338801	-0.8436110471123928	1.600846528413325	-0.8647202569393859	0.31043656496275135	0.7731856101123923	1.298613659958647
50591	-1.8816493924457085	-1.0753437975617497	-0.21886153024001304	-2.250157541836215	0.47591186304496375	-0.24056898509834307	-0.5286081298093821	-0.8368727288137927	-0.8807817596994286	-1.4215292708246534	-1.1136841741083354	-0.14040587917570935
13045799	0.05440817737124104	0.6194992044309577	-0.4078353975187754	0.953396724729552	-2.5418942106534748	0.7804586877145482	-0.20298750690635736	3.8021884820505085	0.00536696270696288	2.123705506438446	-0.21813658668610172	-1.3503192230085492
21487628	0.7506926568074208	-0.4467911846004597	-4.022541964876559	-1.5335960101009698	0.6438111550342062	1.1181293725407857	-2.172072735618466	1.6968420116458753	-0.3183097490597597	0.5009249463097815	-0.5715399495063939	-1.5220766926170455
79064	-1.3922403148388665	0.7001833387224426	-0.9982495298561617	0.13221145483951433	-3.4880662193935685	-1.3474733590351384	-2.5500872732254947	1.4024495418846665	-3.08346221029905	-0.35715229505837814	1.5333072046015597	-0.8243432004194445
4114	1.4382020108284146	1.9250985866634969	-0.12961426824997838	-1.8446774459690216	1.9052866198712277	0.4944140365823782	-1.6567582061631032	0.32888914032396244	-1.821395816220641	-0.8703154072127774	1.5147615942571708	-1.8077725777469664
578495	-0.22003407014665266	2.989542236624489	-0.5078842469771123	-0.8483829888752309	-1.3298125002022518	0.8145571458724777	-1.3810398543059783	0.5346878449943014	0.05227074345579508	0.5954424910233546	1.8624205077978104	1.0885100825510323
261391	-1.515423560622841	-1.6631382800582941	2.4108268452643213	-0.5315584231804282	0.8210759629041109	1.7486433228882057	-1.055857225864428	-0.8436095321430943	-0.7184243932372539	0.3885162827863019	2.9038875517031024	-1.4559183107469917
18068	-2.063211885138388	-0.8918962258449179	1.8583225089442703	3.809534780938522	0.8113965808486426	-1.1775880975100013	-2.316658468213755	-1.376958630047844	-0.05145705429827337	3.4942218655103563	-1.7021255968062492	-4.802437357087752
5484169	-1.3443734855103282	-0.7098642699235693	1.3804156608497384	-1.6189647889403098	1.3512580413464559	-0.6779875396717786	-0.07825151293444092	1.8602060110845269	-0.080798870251882	-3.5395619261269577	-1.132596924018844	0.8931650008507241
2759713	0.9552599929098236	-0.4044412269667565	0.05175156058367809	-1.049568522076569	2.1721670647196043	-0.549541843998004	-2.418439595712852	-0.1876372235864029	0.9130828623864354	2.0161508081447237	0.2198953371469575	0.07320281901150359
75074	0.8246300287567276	1.4512492665025107	1.4567495978613791	-1.104116578276911	-0.03250559481947433	-1.5990743378555743	-0.9909640210296242	2.239648017426115	1.4253256808639352	0.03183807922062234	0.7762458034288761	1.5046681464840257
607797	-0.04296372175096794	-2.1161625088189684	-0.11341342963614796	0.5256030383741935	0.12015096559536886	1.7741111201407378	-0.7196786958054376	-0.890177385937743	1.7653053021838379	2.0933604097250034	-1.256780842113221	0.8290660697995134
77793	0.32782621711364357	-0.6385720611199577	0.3765153534321422	-1.4261877745997706	1.3013199416194177	1.7909755843007904	-2.573198408105654	1.2786008802301847	-0.3082818072740548	0.38730104381196756	2.90536248990239	-2.278073350705797
12900885	0.33604913129808356	1.8689203612568193	0.9369730544808461	3.462301067275017	2.3522274183739857	0.41120533767252204	-1.0354492558733872	1.8037617535606525	-1.510070308292369	0.6880723134119376	0.14561239416687008	0.16795426549502715
174174	1.4273041561006738	-0.022237761407658343	-3.0193006222476058	0.5785732097071038	-2.6865749521593156	-1.2446190806599968	-1.1409625356407354	2.5673524949265407	1.4643353383536304	-0.1814307316909545	-2.1509296198587626	-0.7221485645171998
68146761	-1.014094350230043	0.29733264222076833	0.7702008465420294	1.3981116276035683	-1.1377807291677822	0.4872990802018394	2.1203693030610458	-1.1676473310662203	-0.05120993094767168	0.0572161566467194	-0.9834475480528596	4.240810656203879
85777085	0.17050450532146558	-0.2685957750335077	-0.9583799163411387	-1.8189544429351427	2.9272922838185953	0.7535259422474535	0.32754584628647293	3.4295072371900517	2.25192246020875	0.7020030647305026	-0.2097950438627043	-0.5630088452908842
5281166	-0.4080529568306602	-0.035903817490568445	-0.9721175036092432	1.2817477731731133	-2.7556086273881717	1.8417699008114476	-0.47917648845642463	-3.0017935439085464	-2.3110169063808423	-1.7681456514707206	-0.19334621733692817	1.0720477972533666
689043	2.167873039405761	-1.0106101686379574	-1.7906684409562257	0.5076862575587023	0.1423510062067874	-0.023486104393151835	0.4945859862038786	-1.3542166155828992	0.7447167514653659	-1.1404138047634869	0.1580387030855517	2.2095197900782217
6989	0.7523311376505574	-0.3465929296743038	0.49099310567821236	0.6664864099651334	2.3164437150973156	-0.22742799867090346	1.204279555953621	-1.864971600766525	0.27662874732398174	-0.397176396978075	-0.9102761772888333	1.3187386304926059
928228	0.8218202462270829	1.4906005195743572	-0.06522135315323384	0.11705007399238054	0.155774639501499	1.972615411797208	0.9164196032083209	-0.8393430322857022	-1.2508926840212133	0.8081461049507487	3.285080422304443	0.656296679874738
10684283	-1.3000464378442032	0.09787107285081914	1.2699576171239748	-3.2784594383791745	2.5295699155577207	0.2933492147178071	2.4880746221148606	1.3836489263864862	0.9950282240032827	0.987869681012965	-0.4182081124382149	1.834367691176485
439533	1.6967527950290713	-1.0810980498651137	1.7380659078940959	-1.4260712415889671	0.41120484321794165	-2.3920886209514447	2.4245220719718286	-1.4213434390937685	-0.9936839399638239	-1.4197950917087185	0.34976778512342555	-2.250138293921211
12732963	0.43875099779895105	-0.607779986143051	1.2600727295288126	0.13704693399512663	2.61741194763174	1.8417121682381266	0.9612499829979947	-0.7273681850519135	0.8565344560370739	-0.43137381641963235	1.294799718857386	-1.0451082546004293
12669351	1.2290182335772555	-0.8310733136504721	1.383937454799465	-0.23598401446871034	-2.8370503971188366	1.964875530812458	0.03258494311129815	3.009557171534224	-1.8611617191420675	1.328635783519027	1.5976910607851653	-0.20925654412115322
285033	-0.6251822377985042	2.002381401507513	-3.795891075882995	-3.289487036427031	-3.1542491302498092	3.7117352544462356	-1.144632844152045	-0.5741969972861326	-3.6299599748999394	1.5319284129974704	-2.1540759892995256	-1.665201707795308
5281614	0.9196251755967246	-2.8946113283840713	-0.037863972569896376	1.267212106115543	1.1748113399845614	-0.4923522455725542	0.42384233460492043	-0.7261524573409831	-2.541992584190846	-0.456162960470808	3.202427067744663	-0.8900750372152763
12398446	-0.16954535160349812	1.201391729833685	1.9825295817697337	-1.2042998180151396	0.2978395007961719	-1.7265790529414944	-0.29323307167491713	0.9640869599219478	-0.7142626300878259	0.3683443533975407	1.1022534429068342	3.2672953709452264
248021	-1.0463583769828642	-1.0441180896819522	0.7007366335301214	-0.2657307160953893	0.6599868944808785	2.951861172743985	0.13836164875140705	-0.7333412346265309	1.5183023645014828	-1.1071910427002625	2.4402847880075007	-2.6846432612753803
442793	-0.3446741620181463	2.628464703053789	-0.8993312049987425	0.0758883932074595	1.6351750946813033	-3.5424711683806946	0.18053658296236266	-2.6647269211465634	0.02545019998981164	1.4481355653716415	1.3793423170899708	2.3292079705330084
16716	-1.446521777038157	0.7436862393464926	-0.7038017533649451	-1.0369968117448718	-1.7988593637277985	0.680458480488991	0.388884902847818	1.5833654870467022	-0.5204822017898073	-0.16670491147054167	1.6653579829235046	1.8144148780416094
65126	4.17595327052637	2.4123421551283193	0.35249934379930487	1.1942350299470084	-1.242441626226175	-1.358261546417613	0.7789275163319825	-1.1130011694137085	0.5843102194845157	-2.309760986014366	-2.6014255621027784	1.2258347860026217
53628457	-4.0657909182941685	-1.4102890519163835	-1.7124202834472968	-1.07957220686124	-2.3674139102292777	-2.3915477822713593	-1.261094373381	0.25937513022953057	2.708720253627065	2.793378619331984	0.17024262866680825	0.14906314103721655
10057850	-1.170541232392027	0.007621709124935647	0.3300765886956119	-0.4237229677555493	2.5129251387049	2.054314880384224	1.7860040422385643	-0.9887960080462905	0.6108907922138815	0.05732452441734016	0.8306756846516362	-0.5678666449358863
10441749	-1.1418509291092327	-0.24182873506631977	2.213525990545122	0.12393674023495684	1.7861741699261953	0.16065315508238004	-1.7065522991910416	-0.183459789190149	2.185794329938545	-0.20134737060001778	-1.4878075295375428	-0.029018059605444197
27582	0.4917499531828493	-0.04308401081952215	0.8246063857129468	-0.39029279145461226	1.9058531491339314	-0.014700493972608263	0.4139280931779149	-2.1121978302021147	1.6698893297611188	-0.8694967476966227	-1.8270284472526732	0.39560496188823574
85773370	1.690277091024343	-0.8037463742696671	-1.0567536058918783	-0.4731213555336469	-0.7705230899798418	1.6746319586329463	-0.6965439502413983	1.9759077257336104	0.18213262374016373	0.7482676724544167	1.9154220507190551	3.4045013405579128
1481671	0.7264666992980233	-1.0174792496808378	0.9683212402148582	0.9191401559733289	-1.137293711423875	-0.09641883754711766	-2.374757474208382	1.6501016956774202	1.1224397103787467	1.3010183004314801	0.758920158444868	2.3197902395172485
102928	1.8891787895093497	0.39163621380972474	3.282251612144138	-0.22538040679246016	0.1784080794231128	0.9277265632382132	0.1303910755505936	2.389943481486078	0.3425122217465874	2.136437377176579	0.5087598772992081	-1.4127483048047402
129883109	0.6124090751246949	-0.21661029182422806	0.6646481100262356	-3.358651099220645	0.22644029617224018	2.6920925198078685	-0.11901116460821577	-1.196937084506537	0.4661282943756564	-1.2335649612395538	1.1629532605928958	-2.5319488508163204
151515	-1.7458331224586543	-1.350147025995836	-0.3689452191630209	-2.0469330982370364	0.801457472754766	2.7346066769268247	-0.7108093963621156	-0.15319971319565	0.599174808738832	-1.0641641224372917	1.4475077919552417	-2.8123201818673103
7043	-0.7430893989245854	0.05644224023089084	0.11551854444758075	-1.1208000178680666	0.7361778940097043	-0.4396103105459533	-1.1071132017249743	1.7272811522383558	-0.1820790315870359	1.253665477977829	-0.7629653697801594	0.12912271908269268
20976640	0.1624953158030706	-1.4872508581833748	2.0920728757280984	1.7174822259724116	-2.1157939469533353	0.8489378801093327	1.0010986300716278	-0.3773252922349339	0.41839039044445014	0.8172638532282045	-0.3817675782942172	3.594895006263309
5315892	-1.3408654580911723	-1.9775403339406499	-1.3094584117212564	-0.020885248101324066	0.0743036169582482	0.31670965792382294	-1.0671246118052915	-0.6242406436231266	0.11618257127313951	0.9278498075874761	-2.1351915210526093	1.0020795478017674
7172	-0.5528731062322731	-1.1035292544482465	-1.227061560728722	-1.2330746581743186	-0.49818767338336434	-1.8827563946906132	-1.3963949103087705	-1.8070674643103166	-0.1621131621882131	-0.14626651261504223	-1.691520495457026	-1.2530130590543875
12693379	-1.3285384827422402	-0.5367508704819008	-0.40961554296052216	1.1918611282015932	-1.0753811611734425	0.8744363566341069	-0.9142686279810385	-1.1866073657675928	3.485793956750362	1.1093864247867575	0.8012868985717637	-0.4206527915841025
23581946	3.3919184137833844	0.8024435813255436	-1.521948598030181	0.8006606854454871	-5.596724142420818	0.7978806496376437	-0.34788068427922364	-1.2156808863064281	-2.89517212958196	0.9184961745251551	-1.7215796755632056	0.668220715500066
72303	2.8019772207848934	-2.5279877937794333	-1.208991240825449	0.3016552987505409	2.325956720041899	-0.26903452834056757	-1.677379263413826	-1.7593161546591591	2.0018931912721847	-1.2049735714462049	0.3365295685722034	-1.3546801830978643
72936	2.7863541726221523	-3.7497605482705727	-0.7055734743304959	4.226260603626784	-1.5264012587362128	0.49390872719469076	2.4316235983998062	-0.8257386123077305	-1.0021595251554956	-0.9469157794583064	1.3045181633149947	0.9617407031909425
521184	0.15250242806440545	1.1167636355038217	-0.30254345466442595	-1.401120536860915	-0.7438461729265724	-0.07398189620598107	0.06717609301492924	1.3579732092033243	2.9861758585314515	1.0709908364837009	0.5975700309297687	0.2465487274160319
3314	1.1253682596297265	0.25886317301118883	-0.9517385129331228	-0.7332813915454783	1.755133888780041	-2.4216751830955623	-0.48848373993011823	-0.843499135262923	-0.7187539427129276	2.3696862787147293	-0.6596683168982471	0.48615108784126754
31553	3.226724593680085	-0.909029771007546	1.6683906339999197	1.0285103481338325	-0.07473047782767205	-5.234183955262732	1.9660237234620104	1.0463662214759886	1.6488490499856496	2.39646615942838	0.8470182036743861	-2.939239745104406
5280343	-0.3211415142788192	-3.882889952035383	-2.3430439879059475	0.9433565826378292	0.9847349914741095	0.7096453148603862	1.1853991696051307	-0.22136062914518093	-1.8499850765986363	-0.7863495793932335	2.015033915320503	-1.2216392675353367
7020	-1.5725693712312814	-0.8739913610651178	0.41284717600226034	-0.6477947059575189	-0.27968968058313215	0.6986141351325557	-0.33333388240287115	0.15927782820487066	0.704059646974621	0.41758838108949237	1.1178051588547393	-2.626727253088505
5262584	1.6463856316580976	2.156971389475868	2.259485217145578	-1.454610108657616	1.720774515263749	-0.009370284024845736	0.7308640962913069	0.10122428211618993	1.3624550764146819	0.4192274403448198	2.7130686711231737	1.0005434885464082
8417	0.6932357968079973	1.6525315651894104	1.4377121200928642	-1.8089847791031428	2.050505172392989	-0.0916011430470861	0.4652463124897874	-0.11184799214325301	-2.012024320246565	0.8442588430490713	1.2381771942648698	0.04846365084432213
7463	-1.08885117577645	-1.4753786401796116	-1.2692857004164129	0.3355946449810307	0.03194861444206046	1.3654709058081647	-1.2508981530375967	1.3794182947226672	0.17079732754106688	-0.9101163659335652	-1.113229143228151	-0.23950234103594653
53395455	0.6953406672817773	-0.1760507328834293	-0.4993058892885218	-0.3348730807180851	-0.4573087575054103	0.2041373133927169	0.4222713524767218	0.8230373153568503	1.7463391861782458	2.875405248992486	-0.567845413200618	2.9316995222606663
5281855	0.2913816412791484	0.21675907202623917	-1.324063480697457	-0.21607173450600017	0.17079612421941817	0.11202115716050993	0.4776470855795798	-2.1326794167936742	-2.801262403036964	0.408330837056267	1.003761825945486	-2.173442634304397
637775	2.888911088916373	1.2421002681736646	-0.8626990647445784	0.31707074210308644	0.17585739998817815	-2.007293665825463	-0.2519501149049707	0.1427151738790238	0.288363881336343	0.42574599690778464	-0.2294908272594266	2.709952774694439
6466	-0.04866453209865381	2.458968549835573	3.699260420175245	0.14732268659256167	-1.3218920002245858	0.7752858594389096	3.252407886439969	-0.6877836743962923	-1.6003129865973749	-3.250304903257307	0.41105947773167784	1.3883678964793151
10922465	1.7945194558216073	0.17286230820454448	0.7361076654625073	1.118937096348266	-1.5200668967755906	0.4049493984912898	-0.7246325668168844	2.253165439689863	0.03735992771363287	-4.060895001511754	-0.6036985124601284	0.796156789092449
92180	-2.9517584142033684	-0.422058237719348	1.1761026611218084	1.9954648487966322	0.08543727020771467	-0.5487464764811566	-2.793106503009414	-0.284865594850414	-1.1511364195976521	0.022821162742335328	-0.277516167869815	2.1243025602619365
7041	0.286729531565911	0.11385985902893261	0.6487768667064782	-1.6180953641757925	0.9567568817944049	-1.7211961664463131	0.1547821848602962	0.6358705565703799	0.5455340467678818	1.160478681178858	-1.3496854203069124	0.6057846809554989
15541	-2.084246719963263	2.5151350965784367	1.3078118471002742	0.6377253447838017	-1.6833923067037635	-0.8483654248775782	-0.07841158745791203	1.5453332205411925	0.2518994611658772	-0.713729134809165	-1.5473342463545487	-4.9535029569298485
227829	0.7763580678283674	-1.386837409421595	-0.885603035771926	0.6432620162911084	-0.4675035767512436	1.882655247561155	-1.563970112469186	1.1963452799922738	-1.9926785592107539	-1.9596656114715294	-2.299190458674056	-1.1723912902488098
445675	-2.11573251238431	5.118723336879228	3.4847575881037507	-1.424684034433203	0.5806786279176188	0.13801885378559217	-2.273348722746239	-2.3602817164115164	-2.764972082190456	-0.14917764824169352	-0.4107407342852681	-3.7499424364321974
261394	-3.208279883944774	-0.9535098327220396	0.4109767189854257	-1.1514003386868439	1.9730706217102465	2.2869097426121536	-0.022007139657784596	0.8810150964879507	-0.6355311695304482	-0.9022757058776052	1.4570435696145363	-1.7517129534464548
64981	0.9693373441646417	0.3789908856682627	1.5118141194376191	-2.619789303600026	0.959826995453092	-4.1084338269476754	0.3720033291013128	1.8739302312488029	-3.439648136250867	0.30826031667273474	0.2774720919457225	-0.31728855333258404
1549095	0.8358517756384852	-1.3510114317039	-1.7096810197258676	-0.44344756540946967	2.132620966321727	-2.0358259498287365	-1.1234175912115523	0.7737565963778401	-1.31360497600203	0.7732386864501347	-0.9990376566118383	1.9306844096322948
10819	-0.2872944209326702	0.38857128339455765	0.5209634535766549	3.1110265623285263	-0.46411803766427867	-0.9130297840496416	0.8076622927205471	1.5541644789059175	-0.8298271609091223	-0.692797818829019	-1.7875966023434007	1.3758282647064817
8658	-0.8608382502424482	0.019545909625416538	0.13397347933275108	-2.129466829626085	-0.1401532706938685	-0.41680344268850106	-0.9889897409165351	0.629959511003885	-0.6571030107341503	2.5100169867652267	-0.9194177184112426	0.5624384182676888
240	-0.273216782033891	-1.0682618898152583	0.5914900374642155	-0.907386603591739	-0.5723118772552237	0.7674491523135042	-0.7590126968262122	-1.5112315370987375	0.7912123709493698	1.3289267175781487	-0.8517093743001904	0.24219293498694006
26945	-1.0214947323233297	-0.8757954580296432	0.6684477299366849	-1.6128606503370502	2.792472174651883	0.24042368329253216	0.5745483422065377	3.0414802348084975	4.2957626722703495	-2.521274459097008	-3.083249687751925	1.9841412980600104
64802	-3.3520056031902157	-0.2528434645812995	-0.6950332252077106	0.9510099615041083	0.21834872951784592	-0.3976643439901551	-0.16087890780922104	0.9810879727167641	2.4822121084962645	-0.2660860288000347	0.19641790182708255	0.7893724802731797
854026	1.6895973063287648	-0.2563095310272439	1.225536595485767	-0.848687765473722	-1.3316399129102046	3.415027136271258	0.3435920608459291	-2.3645034583702045	1.6790978661391491	0.4950591590765953	-2.63231867131836	-1.2022213467915017
5281416	-0.25858261956711304	0.17962921549301084	0.7059041161969613	-0.5021039937676367	2.358902372713461	0.1693577612979654	2.1461979753365727	-1.387048730342365	-1.0939528838366523	-0.5483059887991111	0.9375596290191516	-0.01737017757866451
5280863	0.6606437727368393	-2.7085573535209475	-1.2288218621967884	1.5222318549506177	2.5547898561115447	0.16434534642687149	1.1847310256499006	0.09189316671803771	-1.2098767721317887	-0.8456361685539016	1.9312887578226636	-1.89645915580248
5317700	-0.0923061076831679	-0.06902749121269249	-1.6514009672894991	2.6153226513210157	0.6435506727099206	-0.9186715928333239	2.317609918469742	1.3953479780190914	1.1265138402808086	-0.22430962975040616	2.469473202835062	-1.3077265800996178
323	-0.5744628105550251	0.09580636217626365	1.6438304972610078	0.3136214516088809	1.69135153167461	1.9713978620975812	0.37250558106125253	-0.27196424895676075	0.9156620521337255	-0.632631937381917	0.9680193142844691	-1.033058947136178
135398625	1.5535895776718185	2.484508128254332	1.7201669307291623	4.617302439506462	3.5097849982934783	3.530750112272546	-1.7147499540051505	-3.914924651485382	-2.6065717759767293	-1.3497132867513926	-0.42957139864127897	-1.614437447540599
223144	0.1817276559383789	-0.1658256988439217	-0.8730430668562451	0.4605585095028471	-2.0079186945280907	-0.3796643632891393	-0.8305973337709779	1.6962418283918215	-0.06209376128345883	3.2129789297814284	1.3213187457611608	2.587029644331282
11446884	-1.6642964878449134	1.0620284006399383	1.1432129406269629	-0.5202831476230483	0.5337084067371565	0.770929329430898	0.9154775242932363	-1.4710285115802644	-0.43160065062797187	0.7260483490286879	1.8576074880630695	-2.3722416606332293
5280460	0.9352394792599507	1.3764587130183032	-0.22560070677705235	-1.4026757730404997	2.1801274349253883	-0.8809543478619488	1.320621078111291	-0.6569349478167714	-2.086984293039712	1.3860649196824064	1.2600666276548476	-0.26184288686361046
6047	-0.08411703438763746	-0.47614333832365324	-1.1293522764021995	0.44927050714034156	0.6230662141333744	-1.982011896089965	-0.8050387770165811	-1.3574339873266228	0.9604280345697132	-3.0210511458337113	0.7290065416785964	0.9180074614644348
68213	0.43127569938818294	-2.256771155264423	-0.5418127217789828	0.9463188285955999	-0.18236263332217809	-2.865388070648215	1.483038359000884	-0.5906358045539907	0.561848037120823	-1.0170548182200554	2.1107258753874345	1.4306825839456938
637540	0.7483900056100801	-1.2172059955153112	-1.0272147601543684	-0.6764411484714673	-1.9205286496618579	-0.23695781809911112	0.2578431550162966	-1.8992221153724227	-0.0048148843631825216	-0.5350938582329099	0.4265457710788716	2.3133097686111888
5959	1.3169933367890407	-1.2492777909117014	0.9610694496710814	1.4131250485056353	-1.1159276361318549	-0.7938707910576972	-2.2782132478849886	0.06566490077945665	4.235648644466838	-2.9629161865912326	-0.560858461489669	-0.16256701231228493
5280567	-0.27039167684883986	-0.3894300514403977	-0.202236908691092	-1.0760414642134644	0.038902956382065486	-0.11558217358344616	0.475346020607953	-2.4281369883182915	-1.5810120126257268	0.7440830661347769	1.5498390031064488	-2.106673911057536
13807896	-3.7159307973833964	1.032052907154313	-2.3257868100195935	-0.46149983514664167	-0.9667701361399331	-0.1119851005645332	-0.9227986054562197	0.8824895845044298	-0.5487357608540138	1.467635267614303	1.080374721683474	0.9458618911558903
444539	0.8363559359494867	-1.3892903919147785	-0.2988083057618705	0.17510390578005305	-1.0259507879375374	0.9166563565943564	-1.096046674053291	-1.206686910973374	1.3715118094878231	-0.8609496693940238	-0.13586387158538163	2.1949206078559
3102	-0.6954332034152355	-0.8585993032582795	-0.31176453820178585	-0.32285739425544346	-2.0283464837290452	1.2636690784378062	-0.5056933082845646	-0.006817964441739571	1.6097975110259621	-0.5932757031923998	0.7262901452447804	0.19051199256549628
174375	1.5505103396935531	-1.0944046705508537	2.727825497220284	-0.24017328650534578	-1.91332880423189	-0.5530042306382698	-1.6888978953019773	-3.5412135579321515	0.05169902674985364	1.0584076515422796	1.0978015520449278	-1.5140211504161811
20083560	-2.5528920285478183	-2.179803588743835	0.1392824542179083	-0.12044075070913007	-1.2381331506324704	2.2902223530090473	2.2307065067641214	1.3804500238036168	-0.38547319459443896	1.6821388886068938	-0.6025140457089653	-0.7831578636371147
62389	-3.1914663701606627	-1.437708320965325	1.4083769542665043	-0.03176150757334467	0.4511140723293677	-0.5335789092662934	-3.0271890157415924	-1.849920872916684	-0.25780238714194037	0.8846358436494132	-0.8522941306962185	0.8865893849889547
72	1.0202434585995346	-0.12925585823796715	0.44392716881454086	0.010415789693608374	-0.11538365839092775	-1.334001452880167	0.8794341908745866	-1.6617464158740658	0.7222353642751315	-1.4120990184704343	1.1646392181169452	1.2478935545117094
53297394	-0.30985526774184907	1.2233234134925253	-0.08010685278655137	0.30861350175268853	-1.7563925403042713	-1.1804821477934213	4.757901142352909	0.36797671267559195	-2.7506498338579313	1.375512909257094	-0.40722893164221957	-0.7627312359169456
99514	0.8726007198065459	2.1885464420345566	0.9365263138659058	-0.8750050250592508	-3.144206511762872	2.8944770026339377	0.4250689721983909	-0.5915711679629453	-0.9250368858265191	-3.444101304184688	-0.7348280581983967	-0.012344326032832873
21648	-1.1892891009672406	-0.1876163629052977	-1.531694159819552	1.858394654586374	-0.17355283333214458	-2.0329633706223134	0.6298945338108598	0.46211911930027233	0.44144498676680105	-0.696311785251568	1.0005650387818086	0.8789972361735852
81046	-0.31175464698824956	0.1113095465118551	0.18050568793525756	-0.4911118029360637	0.8992439165826961	-0.9242225072386773	-0.24683379138000708	1.840131484066963	-0.49725750038572614	3.4165592563056695	2.1432032570697284	-1.9626940524474066
10251	0.0639446255118134	-2.3765060372208056	2.955980462405891	0.22062287847640258	-1.1544853913642286	0.9186586663084193	0.5685331683437037	2.2515941700279587	-0.6843567403082398	0.56701659883232	-0.16325344259343058	-0.9724021829038921
14713900	0.8843430967020763	1.6440726742310197	3.010699540558205	-1.8697169697517169	-0.09800749181633446	1.4988466596311405	1.3851950600025196	0.4402384186069867	0.011408782599349215	2.3407614012099764	-0.7794689583271525	-0.4376247868379802
61151	-0.8698948633904787	0.6592843995448852	0.06425389388823244	-2.6364304064352853	-0.6683902088658077	-0.5798158999635584	-0.7650959713167255	2.3201228424961986	0.4327972368638545	-0.07919436900072963	-0.08191142928455042	1.5455610786458345
11833	-0.4503809943333068	0.5294054934543236	0.5893067995393407	-1.3456127279238776	0.24388552004394695	1.445903495238318	0.28764848867853415	-1.6284113350999354	0.21303440431125542	1.249470855163726	1.294240849635018	-2.2805349539883446
466273	-2.8058567787280957	-1.1613951133209495	0.7461352782524516	-2.211879608579693	0.8351766796876872	2.269253708858757	0.02611814122435421	0.294517996376609	-0.6838260554589488	-1.5581290159724226	1.5196486112835441	-1.822176770640807
439378	-1.559827623816607	2.0449923650085777	-1.5302331158500193	1.813446192602964	-1.5727398617192578	-1.1719795957289525	-0.5258052226374145	-1.0204033464949183	1.4164491528845389	-0.035538723553259675	-1.6502448299430503	0.5781728333727564
73399	0.7704854327672126	0.7307414809434797	0.1653857769646174	0.25485120719744353	2.8092446395053536	-1.3609813545964684	2.5002809083093727	1.226539554915025	-1.7009467255002757	2.1580153259081993	-1.0786377900961523	0.9747464310872864
637566	-0.5068103928450808	0.3197306240859561	-0.4416150982036405	2.9812482536585585	-0.7351071809207811	-0.9490937861753833	-0.44261615771800605	-1.3098552206593588	-1.5983678469369222	0.5407660251565405	-0.33847004288046173	1.966844985807051
11782	-1.32649303630488	0.05311376887343727	0.7104720633789912	-0.357497560993227	-1.3839256437413592	-0.39964115737343825	0.9668903587192682	0.6042872620240447	2.059432887200586	-1.6224500283133327	0.3060441298438202	1.012479410909531
443210	0.9373826090555429	0.1778599005959832	3.6647959572526276	0.7510478895371793	2.0732310089698696	0.6867229875770317	-0.7411942358830762	-5.247534681973134	-2.9635519589977775	1.1808664944114136	-3.250471117870887	-1.9545705352644225
66777173	0.22534537973897914	-1.2725237944216075	-1.3138880614281876	-0.3963564246505511	-0.29985099658078357	2.8026156904295263	-0.03262161697898011	-0.6645314796375152	-0.12353518646626675	1.400028724804401	2.1215705170532626	3.293529051320719
5280443	-0.26820825994669445	-2.954870184327402	0.01182950568459579	-1.576950552786531	1.278646470513086	-0.08028565973446612	0.5958027105629625	0.10372251210823702	-2.6746470312946977	-2.3343998476658427	1.7549888370329427	-0.7183146141148311
242064	1.588154474553279	-1.8168543823803958	2.5288474126023144	0.3185584893100248	-1.1035251910841872	1.6155201358719127	1.1830975978180092	1.5885600546759104	0.427491358486872	0.808210498307655	0.4426989408739795	-2.516895402122713
5912039	-0.7291804942775495	-1.5724069082407655	3.153386548008877	-0.031146308027266107	-0.9484742155739486	1.8185181613605572	1.0330622431631309	-1.4358276238945074	1.787028999667401	0.4275906121400695	-3.160902171044538	0.512119288299019
244778	-1.0811221522580066	1.286530219063381	-0.645950156237962	0.5121052386942943	1.4920977308965033	-0.7620440677930299	-1.8716441800497992	2.1680369383068805	2.881876351532227	-0.4735958579892192	1.460240602327545	0.8220087554320191
1254	-0.147213517980938	0.5556217662573296	-0.6129717756328911	0.19284443715110125	-1.0524497947060913	-0.16779162789694432	-0.6829454616732732	0.778268634246199	-0.7650752312588255	-0.9942735963036217	-3.727742301357478	-0.8535386220344153
12463	0.4560123554522365	-0.4448858300450735	0.5585680008401073	-0.8379782778849393	0.41041484625075436	0.9509393020195916	-1.508011147534126	-1.0727491971913221	1.4043212290366556	-0.631194153216308	-1.1256862543978712	-1.0415542839187601
5150599	2.019052757212824	0.9755010937097964	-1.4438941267699679	0.49358577013188903	0.7181382624840547	1.2621463718238963	-2.1162194088583286	1.695146721378862	-0.0830537088795587	0.5738860924158381	-0.05974454244086381	2.7627435925019768
6895	-0.7797554920296789	-0.7766567664855722	0.12870909977295864	-1.751504647069006	0.1702610674415588	1.3737822814711125	-1.3438135665144015	-0.5176207805874459	0.7723048508794933	-0.7714179418843314	-1.2872582072313312	-0.5419655944440934
155240	-0.030742755218791846	0.32784812923125584	-2.1918171511429945	0.7635871558305426	-0.6417695861365631	-2.0160244788209494	1.4318988905335128	0.2942207380113517	-0.8610795520578863	1.3188172287042086	1.1737255911480775	1.3479908717140443
16666	0.019728606662397546	0.26506520764071567	-0.14840210566501225	0.8133349324397093	-1.1785199345512556	-0.6712044026484071	-0.5068862793257581	1.3447416260137854	-0.5243916811851279	-1.0641769035152233	-3.4569163700507564	-0.7575093862690737
231093	-2.0102095035340253	1.472351824379331	-0.9735611418101416	-0.02695820835969435	1.5447485926079014	0.6397606462963452	-2.710774659196933	0.8823047773848277	1.9336340450336917	-0.15917598375820916	1.1429054539956411	1.178143763408788
5337757	1.3062200119560288	-0.5249994326560153	-0.3113991136778821	0.822073548086727	0.13011961381768827	-0.28589938102188217	1.0382840839976444	-0.37202032351987785	1.2120351015190374	-1.891846757786313	2.5445217546691357	-0.8139867243381471
10225624	2.751329809351486	3.063012060215314	-0.4862046160424139	-2.671776082869263	-4.2378847371322195	-1.2893698826443964	-0.516964672096925	-2.24303671016817	1.0108364142413044	3.12351244838986	-1.9540882104338628	-2.4333911542680586
31211	0.7416514218857859	2.0173420847540595	-2.2764338147279415	-0.5209178799983337	0.8034151382230079	-2.8179407100404963	0.7575368743261528	0.6365824371412593	0.10421118782520146	0.6994838306457617	1.0949546546193991	0.703310752550116
11727234	1.6605773202199503	0.15752828251683756	2.07518278751552	-0.8598369258444533	0.041221284203129004	-1.3688058227549333	3.3880290297059807	-1.395547516649107	1.799227641780736	-1.493722585263292	0.4404603618411275	2.4774475902239987
4133	0.0778489178166405	0.6372074086254428	0.0016586918507283301	-2.7578674695233447	-1.0759187957540184	-1.1724873065923938	0.7124169137697745	-0.041604800240318124	0.5334287471783548	-0.19976526171871728	0.2321676641789865	1.5832605657782546
64685	0.02423854331607378	1.6851142534136674	0.23672701406031868	0.5446375096795159	-0.2672568209328372	0.9264618626680466	1.007992930989608	-0.08357246726059997	-0.7668435315693293	-0.9862636656410126	-3.0378737341580764	-0.20959330651956865
689111	-1.87858646031328	-0.2763161689336689	-2.2956384717505895	-1.6096084029789302	-0.13379679923581034	-1.6902100293180542	1.9904533164708227	-0.7023924002028612	2.243977250559606	-0.353569540376299	-0.47687625166983466	-0.3692603456904311
90657995	1.175478279070196	-1.1372729919795657	-0.6422729038970516	-0.6057785823641422	-0.47615035385371773	0.5107123405061812	5.0077541266339844	-0.5505803889944376	-0.9423782095991488	-0.7871154104427536	0.6140678664231204	-1.4709886421561194
5318517	-1.109106814934842	1.8803917594712967	2.936017825893504	-0.573733920927196	-4.364512595946283	-0.6265050605280869	1.8774082839864341	-0.23016049280812578	-1.5794598137527316	-0.2710115770406034	-2.8255392188254285	-1.7317903770453515
72304	-1.5256889839320897	-2.2431933794423573	2.421666286682137	-1.2187624097661929	-0.9538068355990492	0.1432704096094948	-1.0255329351965183	-0.40357949697191475	0.603361938283828	-0.29670099332933597	2.038687891784495	-1.846147089525778
5366264	-1.0311939201508986	1.2151692314213847	-2.1579461582511796	1.8464100422613898	0.7382193754694865	1.1535184628129127	-0.5952393348466493	-0.009316372170785453	-2.163313479780959	-0.6596940618836639	-1.4509784694159744	2.2652362875343317
21928631	-2.813605958311117	-1.3805485566122588	1.0876295945557224	-0.9454936458248571	1.3093406238671736	0.3100095145300733	0.5711667732623659	0.15045319739420912	1.4331877901039787	1.0897194075252126	1.445591042048647	-1.9872122670945154
67042231	-1.4815130630168472	-0.7616736685669844	1.9753608240971632	0.272156915353634	-1.274325621084503	2.704645308635706	2.38967181999147	-0.955773784669319	-1.1426416845165939	2.3643082444656134	-0.12726523294100117	-0.13566741367750548
68099	-0.23811338262474616	-1.4007310800724275	-1.551285701659075	-1.359426591705619	0.43354316772797047	-0.36655328573374135	0.5961549984170165	-1.3211109599198998	-1.3955471584840988	-1.7972978107960442	-0.5465494509733602	0.3517800510220951
90120509	-0.6266765891035221	1.9380899970471859	0.834814279273898	0.7199381245427255	1.8279067946187701	-0.11741866626183879	-0.09578118521028438	-0.44818063176456446	1.7388750570523932	1.329205386382732	-2.2916241428236286	1.209752783952801
65243	4.2130831039837595	-0.796672653560934	3.544345900237101	-2.2364023320484288	-1.9504389055815239	-1.1607475372614988	0.10208078270014169	1.2120703214492343	-2.611233321395052	-0.6157860259966215	-2.6521302621780323	-0.22018528611573276
15731437	-0.012762839789667003	0.20634748876201786	0.7778014170738983	0.8713195735546246	-0.7998576644575826	0.8792512755838513	0.3848594732404423	-1.3796558322931003	-0.3060477072150767	3.779504149027355	3.8611789059073187	0.22354573165812802
21722188	-1.9467632220080286	-0.202463742386921	-2.429599968019705	1.2894440311019693	-1.4908995023839218	-4.411440117459959	2.136653225303871	-2.214395226781137	-1.19730646024893	1.9304558764964426	-0.31221304661153804	-1.0283444955020522
129320322	-2.185821276122394	0.6566090877397404	0.3247719240471464	0.998592973624369	0.288189630081607	-0.19076632987071637	3.9050886218469	-4.1358698437789085	-0.3174544943123742	-1.2954976744569162	-0.3563858630868977	-3.9607363365720984
255587	-0.33720350379120667	2.019238380347591	-0.8540794123391315	-1.2394612947550987	-0.9528018518469328	-0.3764326836618327	-0.4285014492327829	2.6249646504714184	-0.25206159275306705	1.2031815228188023	0.8452874548487521	0.6976635975389583
5338490	-0.15652110047389337	0.9234292407923075	0.06955601402309523	-0.24148366090838028	0.6879316404760446	-0.9571856982837895	1.797913145581185	-3.4218264998421177	1.8277651786630262	0.6934283535136672	1.8342875732469304	-1.0479605601542465
68073	-0.006405841625977437	-0.009957568494719224	-2.7383534182820517	-0.07541617769263617	-0.6821560793777497	-0.47043065459658395	1.4622573538405519	0.5175199282850294	-0.2473582929479091	-1.7120779448983021	0.7182869742160525	0.1568664797908345
5281656	1.1702609808913562	-1.521096440421045	-1.6921582933493655	-0.057094045913412834	1.3733560319408655	1.0787499737570914	1.3535120850823474	-2.4398265200329012	-2.3786043878901104	-1.3254504663172348	1.5268617404072102	-0.8085907422094555
56629747	0.5437926775238838	-1.0362538911512156	0.7079654915442729	1.554207783933813	-0.40181418390893003	1.7146402875811881	0.772720788026365	0.8628558000735334	2.1127131312978604	2.117273224440158	-2.1965101355262764	-1.7328740635286188
92841	2.5269350597277622	0.3631706190358042	0.218627722566662	-0.32154616993282026	-0.26936227245089706	0.24535164670986856	-3.0826016071632645	0.46178979847147583	-0.2074286990090044	0.6398519745961222	0.9881299500545206	2.181819467718528
932	2.342126667157859	-2.9151316845682573	1.1368467432890408	0.3072381043206853	-1.0057069153015148	-1.1834897085780762	2.300055418072121	-0.30393936379387426	-1.1913222172486158	0.7797607378400592	-0.18335346572437472	-1.7098618712482638
135403798	-3.001615403893022	-2.122383799590443	-0.08319098893192445	0.4005954129276162	-0.22791567163941728	-2.931177005849195	2.5887233397748464	1.5476443421177433	-5.5771014967095285	-0.32199609249412703	-0.12078916316592399	-1.9976792386377584
15262172	-2.0584196236798586	0.17192030328588798	2.686914576462369	-1.3681031790901659	0.9933587641622869	-1.9878796015075704	-0.054780778408914724	1.8031232022854176	-0.513658802594061	2.393645119436759	1.5326023948039431	-0.5096126604773564
77093	-0.43679903795398756	-1.708847235647803	-1.6526390889255627	-0.6848832001438777	-0.7299706721731806	-0.9002068917058597	2.7501637792820333	-0.07066114631900836	2.1775390685406606	-0.4305611360552177	0.529249867299714	1.3848454191014476
637542	1.6499893051070167	-1.4507276972037058	-1.640863066731509	0.199805644252098	-1.338595088259473	-0.5715444594793212	-0.6179735264979073	-2.0535223373701585	0.21014616790774188	-0.19774903999388274	-0.021068397602457517	1.339071601474757
2733787	0.7280407919359405	4.319160776898787	0.3837778327469348	2.538470204698802	1.03343344230903	-1.4424920499938498	0.429772128462838	0.782168373582301	1.6746370317351384	1.010740298960424	2.3991773264336675	-3.714583980045346
261393	-2.6613454581818417	-2.904141602517245	1.4285608958872626	-0.5157299475754525	1.5121469686846511	1.047562441382755	0.33783549516628436	1.621985380048766	-0.46060403158863084	-0.6807966995033279	1.980110475332367	-0.30639553467934955
9064	1.7212841931165543	-2.651154232259632	0.08914004208654684	-0.19868571922092515	0.9786802243468739	-0.9774642596593256	1.8285801092861618	0.6854766401359665	-1.0495392263358654	-2.427737168292235	-1.748020221291758	-2.3936505239582293
9948	-2.512569582919862	-1.114610883369123	-0.6095964047363076	1.3068607052058179	-1.2589539635213791	0.4617059001953295	-1.1437500878764937	-0.9043899469283593	1.7336581348225142	0.021850439183476327	1.5032419388853964	0.6889337702458915
607716	-0.8958643478644298	2.0230853357146414	-1.4722571221431313	0.8389704369486214	-1.8722724042398393	2.724825481748255	-0.39660422785590815	0.2407373442685056	0.9065470580600582	1.2486307874945368	1.6536038925925673	0.8503841597162786
5281426	1.389707019642109	-0.011081340799901225	-0.1741172931262939	-0.03434086070698881	1.7050321249820364	0.7519585138902463	1.4287634113996668	-1.612503984025576	0.5046777482957798	-0.6256388680088806	1.2975152474636689	-1.6778878008591425
4592	-1.0725119669243968	-0.5595113744694634	-2.077173859692398	2.7026938039610093	3.421598683386881	1.12892656677837	-2.3260587304920786	-0.4980561317824208	2.615144170415856	-0.23231371625304073	-0.8403340664002684	-0.6107320793062999
11502	-0.03501115267664933	-2.270538364190101	0.53876562560848	-0.24064101452052852	0.1845701404561748	1.2702483732747816	-1.0204434164673353	-0.5928489251753696	0.1597047915778065	0.645136874378618	-0.8187809921456478	1.3991163372032556
4788	-0.553948607316307	-0.5067539685158344	-4.078307734169538	-0.3037922271384344	0.11275072869924811	-1.4678164365904864	0.9754043647598857	-1.0227476249857046	1.337281490213962	-0.8633244387541549	0.28619917496944997	-1.0179507648526807
32021	-2.144461716083757	-0.9282787246061076	2.1707635938570298	1.0766138592013157	0.28298827882988825	-2.235438656415312	-3.0931297949265555	-1.5055892109067077	-0.16487544446376826	-1.703504979043723	-1.221510504324442	1.0387756743996086
445154	1.98826508747734	-2.398520292811623	-0.9394305762621515	0.6028586025861639	1.1968608844560515	-0.37621621055955107	0.5330318317923533	-1.937364873248027	0.9581789297357495	0.8880177558258087	-0.9861389444063643	0.549252556650194
145858	-0.8966862132865873	-2.22893128399281	2.3655492775704547	-1.249206121375645	1.456942570967705	-0.6715600382694877	-1.480340080705474	0.46104999854525724	2.416722179835778	-0.6818858701698005	-0.22990416121948212	-0.2134859433352701
9883304	0.7008447338586387	-1.9067669819795212	1.6546903554476629	1.193843379264273	0.8355163274898368	-1.8652126624062735	2.492779144719119	0.30761863223487623	1.8166869779216068	-1.6925119795488717	0.8124530665132853	2.5108986816369545
30553	1.3854133963449575	-0.49666948975022707	0.5180606978958793	-0.8246845277967741	0.4874044489498094	0.6323229048827241	0.44580348631155814	2.4019294293309352	1.453947059084748	-0.9158304297280035	3.2669496551216874	0.5715035581693164
8499	0.5549558245733968	2.5513189864391066	0.7632022492316324	-1.2050702250761451	0.5269473559743876	0.4609945065511374	-1.505363117406078	0.7173924216991698	1.4417764736509395	-0.5650111060862482	0.511848510570134	1.268162462508517
188297	-1.9300916409895572	1.7167876668138096	1.0438638536041305	0.0677845953168551	-0.6008579055048995	1.0751909063032725	3.104988429102624	2.292617203436956	-1.3150554165994284	-0.7049836784237759	-2.563836940867272	-1.650436838801564
12462	-1.3905290924814233	1.1514202900520283	-0.5915452430143583	-1.3585232588966034	1.254080564699755	0.03030980774220285	-0.09328610528985182	1.448501047587114	0.5464423208954423	2.001099416777034	-1.4500074865518369	0.035174434571400466
6199	0.3218596450703867	-0.7386235425138563	2.0243934781639323	-0.1507957866861379	2.062060078767459	1.8727550027457203	0.6924540283833065	-2.0523235711102785	-0.6846855783946589	-0.49965148024448125	1.6775811349185954	0.5817281683503583
96744	-1.075607922484656	-0.19409566266716463	-0.17849901301703458	0.16058605500726064	-1.4986494616147117	1.7709366584516721	-0.4546256086138443	0.9118432021239447	1.7011447888779487	-0.7007719559657878	0.5340968423762221	0.6363164979734433
21611827	0.8033027011333357	-2.3066008697903215	-0.7171965057721045	-1.5794355980990922	-1.880465407095312	1.109537743247771	3.6193187682112504	-0.9961280343384485	0.33464713421608927	-0.4598324591575553	0.5663336000658102	-1.8832294089489938
34231	-0.18672456966818074	-0.4059230274465966	-1.5998317640201287	-1.9262382634343276	-0.05867187267600952	1.5137434190849817	2.9075450334477893	4.724786580593904	0.01819492375402587	-6.500450508309332	0.9491701432053494	-1.8263507176664475
5281605	0.29155226973561565	-1.8645451769952628	3.2986068887570283	-0.6219889615638794	1.884084973300966	-0.151841018559014	1.3230818751951021	-1.3950859405939053	-1.8998076387827583	-0.15124038830935402	2.160405535774724	1.1445747232609318
5379033	2.8584860136090136	1.3866415716849476	-2.1835182772180413	-0.018678858574171137	2.4835779778881037	0.014119255648209835	1.9514186498858646	0.1480241027771467	-2.8252461449216058	3.178708031451427	-0.8550664388675345	0.48434329411661925
7009598	0.0026192981742065116	-0.41427482457033976	-0.6063631633825654	2.0447328600463637	-1.323280359219549	-1.732511901728123	-3.0875341604548225	-0.47454343662710635	3.122200027023674	-0.9381039604541189	0.20918959461381825	-0.5953218877921475
92109	-0.4383484640967111	2.3211199274473695	1.2282020236799127	2.4687460033025914	-4.686674376871983	-0.12767813843697962	2.881745791572461	-0.575680473463291	0.37425181620556397	-0.38736425247996653	-0.6280535511976223	-0.5497047351761816
9025	0.432301421365302	-0.27989053656268487	0.36629247980681123	-1.143183421428083	2.0034425332391046	0.5967354447117532	-0.8095347627343842	1.4919612739509114	0.6243477994928912	0.5074766997461253	-0.043133421718757094	0.4991611597939143
142094	-2.098906928914763	-1.1882193941032162	-0.9429564905683302	0.03384978077928497	1.2616790983835642	2.504605086655626	-0.5933559120209193	-0.01811462270728195	1.0618737209642652	-0.7417760321959765	-1.4048839292207322	-0.004297871173681865
179615	1.0955951511604225	-0.34720376291762584	-1.2703211930467457	-1.3574311327940565	2.095026489177084	1.5220222730283866	-0.6033148904914042	0.38711536855750844	1.1777375956071277	2.134206455261023	-0.7450263799828721	0.8094260335327289
10748	1.4312985433530607	0.9015719212038487	0.7272351245005548	-1.74695224778026	2.68570240094943	0.9140342647986974	0.3028321211918328	0.5335077853241788	-0.21281213974386226	0.2684042942997254	1.570513014804214	-0.7245815734303991
143754	-2.0381425948276446	-0.1308341332339814	0.668265802178738	0.2918886987896591	1.5398013673900495	0.7552546863537609	0.35897428066132986	0.6666213241022437	-0.6123231875048534	0.2088373254365361	-0.5623454675539994	0.08402642117335304
11240776	1.5107441727951092	1.0445961108840163	-0.17411714204303536	-2.398694563075729	1.9715419655265962	1.3111383178382763	-0.017772044751049584	0.522525880737532	-0.8944859560384932	0.0520325110187246	1.199548441814857	-1.0550890397607886
55273731	0.4593947605897145	-0.18223853147163147	-0.3434157124289859	-0.9764199730808301	1.4716996473556865	-1.366516864953585	-1.868572085784769	-0.5636400749207766	-0.9076272681657294	3.278235726485206	-0.38133461035221433	0.48788360557615984
15717462	-2.3546076211741345	0.7762911663546547	0.47137306852968974	-1.249508462022582	1.0247217550268788	0.8364927629786777	0.9065998264976487	-1.1072035441799024	-0.3799727339779914	1.664436732532251	0.7161927772705238	-2.1184342149722664
25056407	-0.7845833439222284	-0.5349553807038063	-0.8105616909406871	2.8652725731250523	-0.5614858048031413	-1.5790423485882112	-0.0036368947835688967	-3.078851513476854	-0.10824608113886917	0.7340880488331475	4.806216078434544	-1.6080501737530206
12310492	1.8323632301208157	-0.08806305836999691	-2.779627401346184	-0.33715365080253085	0.0024827369264623666	1.6995063819262468	2.55778094427911	-0.070501600737875	-1.8968302072782688	-0.8564513279352154	-3.9800675756855473	0.11033921105944632
47936	3.38875258160385	2.3678005188461433	-1.2005678047266326	1.8936647463074887	-3.1199226431194576	2.378344247105985	-0.6769420540699006	0.924304929679791	-2.156812663806067	-2.2054506343437876	1.7087167719102112	-2.3454587689940833
69867	-1.9659349879447854	-0.31980022638705924	1.3800662963380868	-2.011822622997422	-1.7344099363171974	-1.0887375579082668	-0.07981231679308902	-1.4449408397467738	0.8168161695458437	-1.29325279686435	0.35849246924430345	0.9224064022941254
577969	-0.4670705705505816	1.6415168357741436	0.014327176361124017	-0.5686026580079274	0.08641397075271569	1.2369541691517423	0.6050235842425868	1.723364069450995	1.189415894057845	0.539596515882279	2.105500441668123	2.5460692122395643
12514018	-0.6813301836087932	2.791891594604811	-0.24103661915973792	-1.8269214941873546	1.373689127703899	0.8245535402775666	-0.10940381145416019	-0.6745992515230502	0.052811502588367344	-0.9580373465452876	4.366419935999557	0.2971711690845329
135	0.7702121818933607	-0.9643973787579126	-0.5515497337644908	-0.340506392426518	-1.7845044054516241	-1.718600153525785	-0.3126784650565934	-0.5401114986660817	0.642409917810921	-1.2371350033337998	0.6970271531599794	-0.23497016331144058
13045738	1.8722444960001887	1.3335881309716389	1.4736017126093828	-1.2603740695188625	0.5534785739267859	0.5079292293971411	-0.4003434207310583	2.2888697278678687	1.1353405937341146	1.9681742106064908	-2.4340487879136243	-1.6509484017282186
3469	0.474964113893154	-1.0332972965266283	-1.0284404749792262	-1.1749874939277538	-0.8899716696259262	-1.372421442980126	0.9827189749851488	0.1318111465517905	1.1276936663620245	-2.0554569722067106	0.5729171727368204	0.19947226339472848
49852346	1.1692408263476006	0.26164298951119297	3.3831733324931554	5.048038330352512	-0.09168951518361552	-2.2106778682055555	-1.620563783790858	-0.1956331593348041	-3.972251418741269	0.5585383562065453	-0.06312787679734834	-0.11298208106249648
11895	-1.3603494870322286	1.0019078185606223	1.6290316448821789	-1.0816710865629373	-0.4928380205470563	0.9130926086480335	-1.089459080735701	0.6802815491014091	0.5773951018727848	0.2969104300535031	0.14012695956658727	2.2901117745047106
122707150	-2.009799288324937	-0.6839197132083287	3.165435771947639	3.003116645437427	0.29138728332033165	-1.5028218757163048	-0.844548995025745	0.6041581969892604	-3.3859153875703782	3.210819530558863	-3.586769592700944	0.5144795805649233
12553720	-0.7870058870400021	0.3368737193849383	1.1799818006279772	-0.23932131397088205	0.13131194716869485	2.016258197098139	-1.019631451746507	0.5433688688797832	-1.2263967891740997	-1.2053497726573406	4.854833354932148	0.45578341992328664
1548943	-0.24719966648689704	2.038427515355765	-4.4403317542698035	-0.9863745960372333	1.4492531218777664	-2.2348921908071024	-2.673420882004565	-0.5235386225624957	-0.5268660625193168	-0.5516772612197507	-0.10849289938306612	0.7456119602127339
42607887	0.4621641527943288	-1.9171454184138128	-0.7608248922827533	-2.2060565466226456	-0.8767825572954685	0.762965191662122	4.134820094421874	-1.2244349676985153	0.06747398343121698	0.9541991222028242	-0.40099183608113637	-1.3420936255844556
12398447	0.887745125794404	2.8369013125345033	0.9977006240781819	-2.198066888022337	-0.2063887282053715	-1.430846074866006	-1.0596818360379874	-0.5765064575083186	-0.6780012099351057	0.5824567556869681	0.7657644394862199	1.8751947504164674
8635	-0.8438087888802693	1.5637308425534047	-0.06161606659773609	-2.7346605769429684	-0.9655034089643061	0.5728612210840657	-1.3376901727181505	0.2851855174389325	1.3739899133843279	-0.3716661511419066	-0.35136694384822725	0.6430441709024574
3830	-2.4839300236542923	-1.698114488115553	2.329141659754574	-0.4824059803078951	0.5163180375280514	-0.5240383760810872	-3.233493388373356	-1.6021634373273006	-1.13751793968166	-0.1649114221498946	0.18444839755308282	0.3448744103366203
55275176	0.08422219451455935	1.1222546345042592	-0.7484442892395163	-1.0431998848761066	2.3893437391914305	-1.1997413116845639	-1.6082637436622598	-0.4804004855814043	0.2566590265748049	2.6264554706959213	-1.2173924356548531	0.10415077066683523
439194	-0.39724845815344434	0.9612605017295435	-0.1779366892775759	1.9913624634317177	-0.8376979117674318	-0.5354857378889697	-0.3907519154409888	-1.7029051197910052	1.237407554005265	-1.0033973872034452	-0.45544546867971736	0.28408613456238696
445858	2.514210808699238	0.5461089980390952	-1.2576874929539252	-1.2632194081162051	1.1463816799888316	-1.2650315314277514	-0.057573368668842224	-0.8857356874726433	-0.5752959325187418	-0.4045278007942376	0.5233556661031495	3.144553165246938
67650	-0.871986195266139	-2.06216575902448	0.5209436711914704	-0.17126717974477712	-2.829243024158096	0.4098883586311213	-0.7174495466145269	0.40590760170284806	2.085024667096675	0.34002158879998534	0.8794859508637366	0.4505686794963906
10264408	-1.6630532033370267	-1.360320930895538	3.5132592670438987	-1.1442341427201794	0.20975542262739194	0.6297566810943643	-0.726052421240285	-0.4224586739505868	2.0035053986753235	-0.6506516684787811	1.4184301624024211	-1.6858193146927785
10800915	-0.8721549955994017	-0.47338190565539556	-1.3332796175114001	-0.05430814207507098	-0.44950294951837516	2.144127738322228	-0.5013956144518797	2.0729766470186237	-1.6410815582017773	-0.35132033592411255	3.7375746847688744	0.166114360434955
2825024	2.3937642086952198	-0.5996600724775998	0.22599742127713326	-0.8432352022383472	0.4946662762337915	1.9374965280002734	0.7211470856991795	2.005429025958599	-0.5792299159460397	3.236143825748734	0.19239943895750156	-2.147848540762882
10742	2.199271939566931	0.592035956470739	0.011359955779102003	0.1808345347889618	0.2224565541262867	-2.583007495447081	-0.386433850820792	1.686173343443649	0.11554627274730017	-1.1607844788993325	1.427501624439011	1.3854758241439906
129865704	0.47628006081057617	-4.322099317787445	-0.25486776894054536	-1.5002752926926641	-0.27586677854548713	-0.8914590875226415	-0.3694001121896547	-1.7039313256489799	-0.16020949197523537	0.12839782156304144	-0.17454046712789753	0.25687534790643746
122738	-1.3420509935386853	-2.1611364590775506	-0.18810150469344078	2.9968002598604673	3.0826160339202686	0.43788408491606107	4.765667916712164	-1.1049801753670394	2.754615217661827	-1.6407319042685637	-2.0563382649317314	-1.5311125284739502
19235	1.0542629304602191	-1.1864503233542314	0.690844621935988	3.916320933366802	0.39196184393088546	-1.1536947737917134	-3.830202635535686	-1.2680671674338004	-2.8863242925479597	2.9518393885244247	-1.7198122163796459	-2.8100078039974465
13015717	-0.19325101738405306	-0.24533226625638743	-0.02382566892701525	-2.7048416174451284	0.4964160120313584	0.48357939420900947	-1.20225177985562	1.585598111016035	-0.49554698836275407	0.05829540624316355	-1.0670070701112153	0.45485492451711745
637541	2.1042851402739955	-1.6182809692497342	-0.5438128365203585	-0.27338262599451013	-1.0554085303485035	-0.9573862624366778	0.4553562699816603	-1.1125095315482698	2.0248881705732935	0.28492704558690674	0.11214028244342004	1.6296866365539635
79964	-0.9272255375318622	-0.4306174308838053	-0.5730829946209061	-1.443473522490302	1.711093442272705	1.8026835105866417	-0.027617523985766567	-1.626795874600823	0.19075478948252256	-0.6659929820702212	-1.2751372594780948	0.30873570424992586
41017	-1.1033134616838496	1.7644285890295164	0.02475460090059512	-1.633828164180834	2.4102398067478488	0.9424032238404603	-0.23092488417618182	0.9800146880475283	-0.2495377115796192	0.3432496400550461	-1.770960551375378	1.0977139651567518
2817225	1.4168188723275257	0.07142505137153797	2.084089346156786	2.000535294785711	-1.3621648334981107	1.3666088143323292	1.6832968281888716	2.6232334404707314	0.05155270588615988	1.8527365716194153	2.542331635838508	0.291545295195963
71422187	0.9667005449785915	-1.2365840652939935	-1.5352828396798204	0.2691225389347898	2.9359207725630387	1.2434176869951548	-1.2857178676831562	1.29621358349184	0.182418067443434	1.7024237641541626	0.07348149356152604	1.5227880317394555
7644	0.5900433106182268	-0.35771034977093924	0.03208678344767354	-0.4781432609237941	-1.0923007705696002	0.38987527720932413	-1.7573921982426703	0.2472630521593654	1.016332861789827	1.835762896302553	-0.48427510157295955	2.6971438479136354
12582098	-2.9651415860410033	1.0598060396662012	-2.090207791650002	-0.6467141291079943	-1.5251771446723594	-0.07643148493836109	-0.02934812082790705	0.249380292575362	0.7399025851367732	1.9870499486794309	1.4209413753746754	1.145853427399351
14427423	-0.17760913677630516	-2.0000348625156925	-1.807803156158715	-0.6766009287242443	3.1086601950362756	-0.9191226376889676	0.28265625208744166	-1.0879114857605705	-3.0595666131389145	-2.2861439751927803	2.727205770777914	-0.1984964356402846
5280961	-0.7058761252477395	-3.593800672050274	-0.5145977740774816	0.5504702733536736	1.1350193846714856	-1.2375262518736392	1.113294005274561	-0.26737878095449	0.951574180540103	0.14528190071827712	1.6224779180202706	-2.6247268398444565
68289	1.511389429290996	-0.43501350921943477	-1.142230817510416	-0.18520374343469734	1.2518985114181451	0.9061420497574315	1.1507896604626846	-1.252110820466566	0.20122532904874832	-0.5719586330593457	-0.8888250146037648	-1.375082335774894
615442	-1.9309000299405068	-1.4608897337636961	1.6516100710299968	-2.3135656571406242	0.5748924447641963	1.576025235243981	0.447136805384992	-1.9165686107814062	-0.8123197038716854	0.15506771958307888	1.4878556305134285	-0.22179165764116832
6996	-0.6623155831564458	-0.500431557145633	0.00513739954110886	-1.0931248074959174	-0.16043565611626562	2.2810353980326368	-1.1717438220307201	-2.046404673870533	0.6835353787290585	0.45587615802929904	-0.909355832964697	0.016077681984576337
8629	2.6547473915729394	0.454241693153629	2.083298219912564	-0.03277175417447161	0.9029878540835266	-0.22254118939294512	-4.84411384209013	-2.30073829515592	-1.1617648656938668	-1.7522170364821295	-1.578051110635957	-4.134067269764151
449093	-2.8009225050078874	0.13378098794079743	1.3057205993179863	0.11830557998729956	-0.2577105993027322	-1.6303205584994742	-2.6520069264903063	-0.9963275976049054	-2.490061867167339	-0.9881564577472822	-0.8997037493815648	2.2206847849109455
7257	-0.7876182421520777	-0.1582666501873098	0.5033081674986797	-1.5893134855594422	1.5943138443806941	0.5276696459623704	-0.17416355706242354	-1.7005929639233557	1.7029561044050283	-0.18469038234312665	-1.440629208687847	-0.42609781277289627
5328791	1.965942968983346	-1.3048028391186344	-1.8858508980533266	0.141323437747203	-2.33917730877074	-0.7120395045056909	-0.6270218144825926	-2.2090434066782922	1.4313811874683593	0.31672822382115273	0.647369474662903	-0.559842044831471
466268	-1.309164373609663	-0.049502583385073344	-0.33443364904761863	-3.3823139594756846	1.5567954697410489	1.1543377986534549	-1.2567097280159651	1.2310077095731011	-1.0251912582009297	0.8706465824396166	1.9586831717784277	-2.1309917182598004
5284507	-0.0051636346078864385	0.49978404840283824	-1.8981389856583366	4.947032733565316	0.4527536096516925	0.9243290110246555	-0.3856190876850993	-1.0499673769176363	0.01863211822396026	1.0344126751311948	0.03381694392252548	1.342154655180486
98955	1.5443689944627357	0.4374108715207672	-0.7951920605275914	-1.4593552107284171	-1.498852862782446	0.7706887634413669	-1.8715205159212889	-0.9858095648226026	-0.39331143295385346	1.7813047444667787	-0.5212605602040009	2.1994584299335673
5013064	-0.5091681031129217	-1.1819222769261197	1.322399791920842	-4.824741817995297	-0.06682594960048112	-1.9505030296891233	-2.3531657034449456	1.0619298996118192	1.0418892701238145	1.4615137367299191	-0.8661061263336473	-0.4618042132392581
17100	0.6714977651604884	-0.7696957308351561	0.4048466077875113	1.054482572739562	0.5254182003148785	2.129690224948977	0.04240608515842287	0.7796736021441669	-1.7441482783164453	-1.9519854560524685	-1.925164142603389	0.9934273072622876
135398627	-3.5385284947434923	3.732003223710731	2.9119638233501326	3.748755754820401	4.181438858478166	1.711596149951977	-0.3648798513229463	-1.7657763434407945	-2.4491104903624303	-2.0246759064141098	-1.8674665421222096	-1.1823479043289133
931	-1.1358721941083236	-1.3942202907465213	0.31655554187862456	-0.3174122018572716	0.314658238394597	0.6735290229535783	-0.3928210285804731	0.48003569195766904	1.0115831864709601	-0.14369024722135632	-0.8288171433644688	-0.06289030029823638
21932272	0.850525738410368	-1.7514803190589632	0.17143248187695273	-2.3627246902860546	-1.745244928810979	-1.2508207443294792	3.7156613428555296	-0.8175354910669151	-1.1120822514409927	0.30142496849806505	0.2042785382206295	-1.6181117484241827
7015695	-1.5106126039802679	2.25547909567117	-0.13622204396529167	0.713876298882797	-1.2709468336396885	-2.293515549600881	-1.1879469598141474	-0.882326327357243	2.614268760288011	-1.746769038213823	-1.9582266096368988	0.20802887206309797
398789	0.06145292522917308	4.608398359108166	-0.1233950088917531	-1.011592582213781	2.991864694053485	-0.49965247743336233	-1.849382313984649	-1.8868942367950856	0.5360882290840583	1.7888251121536556	-0.14120172026051794	-0.5293363031797511
54105512	2.648430422549177	0.038247832452948834	-1.210019710603935	-0.9890385296683375	0.36397905739309877	1.390962709173407	-1.3923776375738122	0.4465828966093846	1.8676274818174174	1.3378952708904819	0.8436457686458351	2.0849237055802265
5281708	0.5664297077720487	-2.804916877535171	1.6234757833560132	-0.32303839477826246	-0.17638039599356264	-1.4249803389258298	-0.6510550205904369	-1.5137305015526263	-1.2349426294034194	-0.949031693914715	2.8122511593866317	-1.1980163146850178
7150	-0.9684533133115134	1.8602882495570652	0.7273064142044	-0.5343951269457786	-0.2602258035575386	0.35080438979313655	-0.4293411270155056	1.1227847462110214	1.8561045494503792	0.3962052498358529	0.08682640299274834	1.3541501311296757
12426239	1.2054092919550063	-0.5520167581803029	-0.5018181066271998	1.0208347424081932	-1.7490778112416125	0.923245805623039	-1.0764502579606765	0.17429956489339435	-2.8539838319482147	-0.28959649406146004	-2.081035091074023	-0.058167265492973665
448873	-2.9563097661950906	2.581827635510225	-0.8649392650865174	2.053701866669864	3.7410302367332666	-1.0648925093753916	-1.0712127264051656	-2.632749002968787	-1.2646596858791017	1.7201008124958364	-3.766806762122606	-2.86326084983174
619834	0.00338563965880258	-1.1839437223115372	0.680654066650315	-2.2234846396834005	2.1204173481392012	1.7742973018263115	-1.3090414826051455	0.09286769659070876	-1.3851478836038018	1.8794198978665932	3.062504137858358	-0.7880969267846751
5280896	2.100062426936246	2.7913743438399776	-0.021658510526922792	2.6156608371345214	-1.4729871698291948	0.8780365452217046	2.024613696763593	0.9710439572648766	2.5331172427677093	-0.7492655428229279	-0.42712463498898984	0.35031896296792336
10680	-1.672560667125954	-1.4905679623589096	-0.4532102394662129	-0.7365138015045803	0.4733720031728359	2.370350304573597	-0.9794924334494134	-0.494052080753337	-0.2942882957358936	0.251676962453351	2.065815671898448	-2.6137184360920913
49852436	-0.1135738115577322	0.3988761317944027	0.5406127529145662	2.975438060655604	1.2020972393030982	-0.33196897446730517	-4.141111958405447	3.058339795822216	-1.1759130273819232	0.18082001093287145	-0.9218596597994598	-5.123218808807028
53377390	2.4408003701322136	4.8793445260642345	-1.6660547840403355	-0.060318438626957294	0.0697018352184869	3.090610570932355	2.5054392797924323	0.7558375373552059	0.1921840670936128	-3.134669484030382	-0.5684951871940397	2.1773108200498115
11876195	1.6890953438527336	2.581238047497185	1.9707669828708128	0.5687086945944247	-2.5924618744908012	-0.9980504660153793	0.17424504620188438	0.5833472205876289	-0.05983648336082964	-3.124778077618051	-0.6805884222774276	0.35040452376557174
53232	-1.4571827672376292	-0.29328614897348615	2.3261288024665343	3.0093605474235487	-1.2940705042809724	-0.4607055763519274	-1.3840575228617233	3.997478271757347	0.6389102898435451	-4.339048055077728	0.81496577379544	-1.3023860357335222
802	-0.5551202453776248	-0.33394764961866247	0.9218838600192498	-1.3504662395484848	-2.61474581317629	-1.7734629485203024	-1.289445279876329	-1.3049203491046029	1.722239724357351	-0.5212122138569841	0.6388901366191301	-0.6959746455837821
592453	2.5956712745047303	0.7650316428058925	0.036751094848810645	-0.5188825111151718	1.9231472539069023	1.6472032094135969	-0.02118475825522899	0.7349376196909345	0.1724889987298424	0.4380532918362002	-0.12970540287351276	-0.4843780053028244
5280445	-1.5989819975892956	-2.380767307134999	-1.24550457559843	-1.104445246614313	1.8538904932130986	-0.3931447345264729	1.9311274287448816	-1.5069173145717374	-2.6481282000389386	0.30425672407003274	1.5520240281881883	-0.7703463628445005
261395	-2.799539024744244	-1.4264115117730238	0.6355730239307783	0.306620744108014	1.7864543396436732	3.0601249771994397	0.820854302799276	-0.08106365197931657	0.5214582647474497	-0.19274065068054738	1.865569646617392	-0.9837770403788239
439653	3.577827476632365	1.6285274878227913	-1.7737662145968545	-1.1584540617785857	2.698654172425735	-2.5338055347479487	0.009119605666528252	1.5699387191661003	-1.5185101280371225	-0.18218914228151095	-1.8748471735932348	-0.6395146754679405
8434	-0.9622724225034262	0.23108023958832855	-2.0980384193650115	-0.20438189484213545	-1.1099405733995475	-1.9448434573169582	-0.6839969058938181	-1.2768423960150315	-0.6422181941084882	-0.26617204893066826	1.4965496151300393	0.598060151404216
4477	-2.047887400690821	-2.50004235376025	-0.8538302767209333	-2.9965899090115578	0.13343235989249821	-0.38764868648819534	1.6752619953012582	-0.7823829330328681	-0.545886485374533	-2.6972399826514377	-0.4120813134206787	3.4652659242666886
6288	-0.014615939710845233	1.647139611196451	-0.4879372286222707	1.499124100161926	-1.6576557903446878	-0.5081900786110439	-1.0448381128511943	-0.6133290437736862	1.09617087517574	-1.3865200136202753	-0.4513028628026035	0.08970184999568519
6072	-0.6304417506257051	0.9414162322718939	-3.1308920600438075	-0.9299999568784036	0.6679139369605043	-4.249327892807673	-0.6474585373597034	0.3658563082231778	0.938897594599159	-2.132504218002643	0.43179749070140366	-4.1502059303126195
610875	1.1956050283805777	-1.3601785316324566	-0.7322051594962268	-2.823736941407425	1.6749279558463928	2.167433097395367	-1.3153960937591898	0.043451604144273986	-0.2611684816370843	1.0856959654597353	-0.647548915148458	1.7936309829534232
124219	-1.3705554156805329	2.4470262517326695	-3.2858274194824553	-2.5434861603391963	0.008896695947331187	2.375521456403756	1.286580073151743	-1.780854324137106	-0.05910847080873919	0.039494374058167414	-0.06377985919975922	0.4089264867819813
22716855	-1.696930808551176	0.05496716842696577	1.159724426954193	-1.919799951035391	-1.6824668037444377	2.6583540126544825	1.6573817124182806	0.7750643108451122	-1.6030678688508038	2.026542187483052	-0.18374232271786706	-0.4778290946854802
10955174	-0.41298915543188613	0.3205193838176639	0.5267244985856427	0.3178741440428105	-1.113253613862701	1.4967000798124666	0.8824838152824646	0.7708619090121677	-0.253763156287128	-1.4778856480216045	-4.191140444815817	0.9739018628244981
128861	-1.0602293679247772	-3.3602000177196714	-2.199756946268243	0.6964356665655939	1.7020783664798527	-1.4176168803392333	2.0845206161978003	-0.3541160499330856	0.9967735498914534	1.8418088144300928	-0.8572218774704349	-0.23057845572792388
5270543	-0.2933308383920225	-1.6152381973465886	3.0760848217294683	1.286006679667252	0.4381810378706277	0.9549227067890765	2.476926577160098	1.2046321657229788	1.4408547075217826	1.828857085483255	0.26000886821171787	-0.7342984563719747
10955672	-2.2934081999734963	1.3483296389135688	0.8788684663999207	-0.5415917227770732	-2.7181922920101003	-0.1973828005028753	0.06525384668283787	1.4015368342942878	0.7555776707224706	1.0956716053046718	1.7337134076590524	1.417978245403776
20452412	-0.2477498827960136	-1.8900939569324704	0.9276674899028423	-1.0586747769301825	-0.1196953169283796	0.5979675078345444	0.7353075323714996	2.4826918212748095	1.055762467248199	1.0593383881457206	-3.0528514000674467	-1.9078453560576405
1738	0.4084380439648236	1.4220364708280329	-0.22672371760751	-0.28192855326871497	0.9735024378055925	-3.3742046232455465	0.5448666261735692	0.32812394957420227	0.5791681280384411	0.5203669771410199	0.6493792827430555	1.259519354705122
356759	-0.031453813665295906	-0.5377164222039846	-0.6378360896499057	-0.33212864455145247	2.17438110366727	-4.018032054817343	-0.9384532303852476	2.992925878633541	-1.0662225720415497	0.5091060559165671	0.32507530669655815	0.5302663364285133
5280371	-1.0893992472759444	0.054939289255579095	1.5800313844266363	-1.3789384421626827	2.217297158136893	-1.2176619363972017	0.979223895713914	-0.6330997216146041	0.34940032867457893	-1.6760719651340659	1.3784965947377075	-2.07864255669377
65090	0.3845597165742945	1.0668037067517742	-1.0791837661905637	-1.5136811163021497	2.061079880873711	0.6395660306118356	0.9476704816222729	-1.7666337288468001	-1.685859776366372	-1.120491984041022	0.5685638614013749	-2.1616237012996953
3001686	1.4512708546461301	0.05062081549008248	0.6695163363882389	-0.4345261915835057	3.1867991613595126	-1.3504120933735175	0.22156373816763555	2.867821611039183	-1.2353355490960325	-2.219573768212582	-1.4360259595729026	1.2195293446072661
79332	0.7701670557189132	1.6627591217459903	-0.4725314310563548	-2.1960207694147074	0.6094699787358205	0.6507353410073503	-0.23410125976451068	0.9954348351682937	2.5478698990062063	0.2240798668435312	0.7694707409670597	0.8722036701693776
78838	-1.62691141639186	0.6015606753540585	-0.3443246486004321	-1.3227036644079753	-1.058038532754316	1.9757191235984166	0.3001880397132546	-2.0539468484574392	2.4444789460111216	-0.18489359724846774	0.008396817717967275	0.8488055839057993
4175	-0.7170417354540638	2.2315510005785546	-4.022409206142311	1.5925515273512554	-1.364481215827946	2.4973423316811902	0.643973413686843	2.5842648509376454	1.6568969952433583	-1.6537217316487443	-1.7185737208291114	-3.405125500924932
439174	-1.7841380160580576	2.0953837159086577	0.24932596915152483	2.4503958199334748	-0.9664860918259865	-1.8103329574715215	-0.6424073846065271	0.4719270643580746	-1.6121936619535282	-1.904683615402911	0.687651831163531	-0.8895750967747426
11507421	-1.5891842207614868	-0.07320073647928477	-0.36129335077993696	0.9462941062937404	0.33962002832003285	2.1558509876353407	-0.9268960810618841	1.4080628860100737	0.12835964792238505	0.8088631376155435	4.487770576573879	-1.176497650895555
94156	0.2294117866191602	-0.767848589344296	1.6566712677909996	1.7176094565080426	-0.1940236657662164	1.0997825737080533	0.6471218910307314	1.6142740763420675	1.4507488819619623	1.3974110900573649	-2.2284730438346947	-1.2603246909782655
7410	-0.5715598101649864	0.06789521636983532	-0.168715997564996	0.011212405564787156	-1.588371101744625	0.7324619446782704	-1.4827335076395858	0.4187976548711973	0.5319908630994323	-1.0483338368763395	1.2824199871043152	0.40436515228908654
6549	-0.6742510649827073	0.5851398795574255	-1.2545023501112416	3.12298903954605	0.8715679858115775	0.3861374342316382	-0.7109419519616152	-1.1373675816553874	-1.4060564670497946	-0.1012078897671	-0.3965221467721265	2.0311475455482477
119087140	0.6601133203096797	1.2743778928251996	-0.04932181987192599	-1.648558092089037	-0.7255644759269119	-0.4006567068083557	-1.1036182224886346	-0.23647107501968945	1.6124143064059864	1.0381018875402126	3.2676719827047074	-2.2197169062062323
9991610	0.00611822599934939	2.29418097125899	0.0810054173727287	-0.6659295043390848	0.8155183095526656	-0.01103016157367149	1.2619224505717161	0.7564442337141654	-2.2857323809521817	1.762995413370927	2.8702499204605343	1.076364371584034
5280535	0.13181349973012033	-2.5754147388315185	-1.8722252231471794	0.9385729998013795	0.43315238078483426	-0.777506935696496	-0.9932211056316748	-1.1360077575779834	0.46093236240071284	0.3750599811774013	-1.6159259537619368	0.21604070098332698
101763507	2.2925587487570342	3.4008843648572302	-0.4093860821230229	-1.2834135939187112	1.1503630348994853	-4.067142917897965	0.9884259309600966	-4.666114915245761	3.7143490818860876	-6.026241864024814	4.032298149193507	-4.537829796401605
5388063	2.7377627632073334	-1.2289186800507377	-1.1485049542040637	-0.7465796306970298	1.2953651331778346	1.1521944894215477	-3.195431863231604	2.0433512898467896	1.0329688807814674	0.48901747298071924	-0.2647268718550833	-0.17241418891783966
5327038	-4.168119097545897	-2.0182084684720216	-1.3633927350938013	2.439714430009727	-0.3846717231702159	2.1099579428282484	2.8968471602699757	0.8939520441828385	3.610059323718541	-1.2555360516856784	-1.4235523927051474	1.35033521802239
