cid	MDS_01	MDS_02	MDS_03	MDS_04	MDS_05	MDS_06	MDS_07	MDS_08	MDS_09	MDS_10	MDS_11	MDS_12	SESA	MolecularWeight	smiles	TPSA	Complexity	Charge	HBondDonorCount	HBondAcceptorCount	RotatableBondCount	HeavyAtomCount	AtomStereoCount	BondStereoCount	NumValenceElectrons	NumHeteroatoms	MinPartialCharge	MaxPartialCharge	MinAbsPartialCharge	MaxAbsPartialCharge	HallKierAlpha	LabuteASA	NumRings	NumAmideBonds	NumBridgeheadAtoms	NumHeterocycles	NumLipinskiHBA	NumLipinskiHBD	NumSpiroAtoms	NumAliphaticRings	NumAliphaticCarbocycles	NumAliphaticHeterocycles	NumAromaticRings	NumAromaticCarbocycles	NumAromaticHeterocycles	NumSaturatedCarbocycles	NumSaturatedHeterocycles	NumSaturatedRings	FractionCSP3	Eccentricity	Asphericity	InertialShapeFactor	NPR1	NPR2	SpherocityIndex	RadiusOfGyration	MolLogP	MolMR	HeavyAtomCount_2	VanDerWaalsVolume	SASA	C_O	C_O_noCOO	Al_OH	Ar_OH	methoxy	oxime	ester	Al_COO	Ar_COO	COO	COO2	ketone	ether	phenol	aldehyde	quatN	NH2	NH1	NH0	Ar_N	Ar_NH	aniline	Imine	nitrile	hdrzine	hdrzone	nitroso	N_O	nitro	azo	diazo	azide	amide	priamide	amidine	guanido	Nhpyrrole	imide	isocyan	isothiocyan	thiocyan	halogen	alkyl_halide	sulfide	SH	C_S	sulfone	sulfonamd	prisulfonamd	barbitur	urea	term_acetylene	imidazole	furan	thiophene	thiazole	oxazole	pyridine	piperdine	piperzine	morpholine	lactam	lactone	tetrazole	epoxide	unbrch_alkane	bicyclic	benzene	phos_acid	phos_ester	nitro_arom	nitro_arom_nonortho	dihydropyridine	phenol_noOrthoHbond	Al_OH_noTert	benzodiazepine	para_hydroxylation	allylic_oxid	aryl_methyl	Ndealkylation1	Ndealkylation2	alkyl_carbamate	ketone_Topliss	ArN	HOCCN	primary_alcohol	secondary_alcohol	tertiary_alcohol	coumarin	thiophenol	hydroxyamino	SolventExcludedVolume	VoidVolume	PackingDensity
780	0.22078201974919193	-1.108282344405135	0.7682841639309852	0.3569586628654515	-0.5866594123966518	1.9996753106058178	2.499757844419617	-0.1670184718299506	0.727052699184217	-0.874006637769501	0.005602836760381608	-1.230398051853886	185.261	168.15	C1=CC(=C(C=C1O)CC(=O)O)O	77.8	168	0	3	4	2	12	0	0	64	4	-0.5079513734166975	0.30746184216642614	0.30746184216642614	0.5079513734166975	-1.7099999999999997	80.20528548064618	1	0	0	0	4	3	0	0	0	0	1	1	0	0	0	0	0.125	0.9429131786403031	0.31139938429681524	0.002371350342565197	0.33303864272249245	0.7702016446708982	0.27943487132709316	2.4696797535422084	0.7248999999999997	41.11140000000002	12	145.032	204.09932754946087	1	0	0	2	0	0	0	1	0	1	1	0	0	2	0	0	0	0	0	0	0	0	0	0	0	0	0	0	0	0	0	0	0	0	0	0	0	0	0	0	0	0	0	0	0	0	0	0	0	0	0	0	0	0	0	0	0	0	0	0	0	0	0	0	0	0	0	1	0	0	0	0	0	2	0	0	0	0	0	0	0	0	0	0	0	1	0	0	0	0	0	153.118	8.086	0.947
4534	-1.0300131755287634	0.6109932130068029	-1.7115644464732427	-0.18993899547548787	-0.07407053862767243	0.6983033505390701	0.07536294901201254	-0.9275493463110023	-2.0692912857042405	-1.4906453988675352	0.8719886311922482	2.4264628227125025	345.975	302.4	CC(CC1=CC(=C(C=C1)O)O)C(C)CC2=CC(=C(C=C2)O)O	80.9	303	0	4	4	5	22	2	0	118	4	-0.5042598931275362	0.293293782812076	0.293293782812076	0.5042598931275362	-2.36	161.11111705692548	2	0	0	0	4	4	0	0	0	0	2	2	0	0	0	0	0.3333333333333333	0.9887853866588363	0.6243801516868243	0.0014569208231529534	0.14934342680525095	0.9849805054708423	0.314171256520007	3.9971330576473525	3.5664000000000033	85.27920000000002	22	286.502	385.2985837928856	0	0	0	4	0	0	0	0	0	0	0	0	0	4	0	0	0	0	0	0	0	0	0	0	0	0	0	0	0	0	0	0	0	0	0	0	0	0	0	0	0	0	0	0	0	0	0	0	0	0	0	0	0	0	0	0	0	0	0	0	0	0	0	0	0	0	0	2	0	0	0	0	0	4	0	0	0	0	0	0	0	0	0	0	0	0	0	0	0	0	0	307.957	21.455	0.930
4947	-0.1474808488239085	0.27313981225502515	-1.0488904155863108	-3.0088966443012097	1.0002861753654921	3.769614045983876	0.3325265765327985	-0.5380571775556626	-0.5405670739053827	-0.7779443642916235	-0.8302297536393828	0.1740000533601134	240.967	212.2	CCCOC(=O)C1=CC(=C(C(=C1)O)O)O	87.0	206	0	3	5	4	15	0	0	82	5	-0.5041437396005058	0.337901122732036	0.337901122732036	0.5041437396005058	-1.91	103.66859693961752	1	0	0	0	5	3	0	0	0	0	1	1	0	0	0	0	0.3	0.9819490862327178	0.5373401316415992	0.0021471346139243504	0.1891454256563735	0.8446350214828777	0.09339386996025034	3.1569689275416617	1.3702	52.00990000000003	15	187.203	269.3222721993015	1	1	0	3	0	0	1	0	0	0	0	0	1	3	0	0	0	0	0	0	0	0	0	0	0	0	0	0	0	0	0	0	0	0	0	0	0	0	0	0	0	0	0	0	0	0	0	0	0	0	0	0	0	0	0	0	0	0	0	0	0	0	0	0	0	0	0	1	0	0	0	0	0	3	0	0	0	0	0	0	0	0	0	0	0	4	3	0	0	0	0	197.203	10.000	0.949
12820	1.1514387359921443	0.5914273293457373	-0.8981181691241807	0.8384912964739031	1.6453896601804296	1.7199560801356555	1.5653731892042793	-0.16514886540514534	1.561904071315068	0.8339487089863913	1.7583944078537552	1.5569810451449948	199.899	182.17	CC(=O)C1=C(C(=C(C=C1)OC)O)O	66.8	192	0	2	4	2	13	0	0	70	4	-0.5036601216319667	0.2934302528535642	0.2934302528535642	0.5036601216319667	-1.71	89.61280981456204	1	0	0	0	4	2	0	0	0	0	1	1	0	0	0	0	0.2222222222222222	0.9672601633956771	0.4308685057339146	0.002313421832960196	0.2537868718191858	0.7515156319763968	0.044462643496358645	2.654224044532411	1.3089999999999997	46.32810000000002	13	160.956	222.0253906488786	1	1	0	2	1	0	0	0	0	0	0	1	1	2	0	0	0	0	0	0	0	0	0	0	0	0	0	0	0	0	0	0	0	0	0	0	0	0	0	0	0	0	0	0	0	0	0	0	0	0	0	0	0	0	0	0	0	0	0	0	0	0	0	0	0	0	0	1	0	0	0	0	0	2	0	0	0	0	0	0	0	0	1	0	0	3	3	0	0	0	0	166.847	5.890	0.965
70775	-1.490857310850494	-0.637337001183999	-1.21579446017034	1.1714806526662247	0.8879693874297532	-0.06768601785552722	0.7613640008976292	0.05980717886421192	-2.3305492812643576	-1.11607684388318	-1.1428524469807533	0.6746188798766402	187.230	150.17	C=CCC1=CC(=C(C=C1)O)O	40.5	134	0	2	2	2	11	0	0	58	2	-0.5042598910893129	0.2932937842281692	0.2932937842281692	0.5042598910893129	-1.44	79.64813945282714	1	0	0	0	2	2	0	0	0	0	1	1	0	0	0	0	0.1111111111111111	0.973929555616253	0.4677659167999863	0.003942580994136641	0.2268506572552259	0.8435816323584212	0.18153988551883818	2.549864077403571	1.8262999999999998	43.67260000000003	11	144.865	211.4355831943494	0	0	0	2	0	0	0	0	0	0	0	0	0	2	0	0	0	0	0	0	0	0	0	0	0	0	0	0	0	0	0	0	0	0	0	0	0	0	0	0	0	0	0	0	0	0	0	0	0	0	0	0	0	0	0	0	0	0	0	0	0	0	0	0	0	0	0	1	0	0	0	0	0	2	0	0	0	1	0	0	0	0	0	0	0	0	0	0	0	0	0	152.745	7.881	0.948
73571	0.8293449572145103	-0.004719819718778318	-0.9972548518617006	-0.9716967805559495	0.6935505523175332	-1.117049581462302	-0.6052680393116581	-2.4577267240464273	-0.2185449970071539	0.6714399756156442	4.340731246525154	-1.4012269963071742	289.090	286.28	COC1=CC(=C2C(=O)CC(OC2=C1)C3=CC=C(C=C3)O)O	76.0	377	0	2	5	2	21	1	0	108	5	-0.5079666065471226	0.29313584941165477	0.29313584941165477	0.5079666065471226	-2.6899999999999995	140.76244221167156	3	0	0	1	5	2	0	1	0	1	2	2	0	0	0	0	0.1875	0.976896272206953	0.49167999834146103	0.0009807879351541253	0.21371399895224172	0.8312511698361318	0.10028212664735531	3.763503046287384	2.8129000000000017	75.08210000000001	21	245.884	328.1618371689961	1	1	0	2	1	0	0	0	0	0	0	1	2	2	0	0	0	0	0	0	0	0	0	0	0	0	0	0	0	0	0	0	0	0	0	0	0	0	0	0	0	0	0	0	0	0	0	0	0	0	0	0	0	0	0	0	0	0	0	0	0	0	0	0	0	0	1	2	0	0	0	0	0	2	0	0	0	0	0	0	0	0	1	0	0	6	6	0	0	0	0	257.089	11.204	0.956
83651	0.4283879039668606	-2.1766485036479475	0.5400542926224354	-0.7649198858944974	0.9684661217512162	1.446209628362107	0.538119329747925	-0.0823043702169524	-0.9083468995953714	-0.2745569749772514	-1.9089180596855828	1.1881004538849738	164.147	154.12	C1=C(C=C(C(=C1O)O)O)C=O	77.8	135	0	3	4	1	11	0	0	58	4	-0.5041454043633921	0.2934297487311299	0.2934297487311299	0.5041454043633921	-1.7099999999999997	71.03040236591397	1	0	0	0	4	3	0	0	0	0	1	1	0	0	0	0	0.0	0.9496159579029763	0.35444086817700876	0.0024735378645970034	0.3134159097684938	0.6865840902503313	4.433472499206446e-11	2.3971552293579568	0.6159000000000001	36.8239	11	128.100	173.1704399092848	1	1	0	3	0	0	0	0	0	0	0	0	0	3	1	0	0	0	0	0	0	0	0	0	0	0	0	0	0	0	0	0	0	0	0	0	0	0	0	0	0	0	0	0	0	0	0	0	0	0	0	0	0	0	0	0	0	0	0	0	0	0	0	0	0	0	0	1	0	0	0	0	0	3	0	0	0	0	0	0	0	0	0	0	0	0	0	0	0	0	0	132.584	4.484	0.966
91469	-2.9976880705006725	-0.31937580555233097	-0.1477895873321319	0.2180293597670525	0.616752511511022	-0.29134935593427874	0.4076940600998302	-3.421817810675757	-0.16018081805224788	-1.2951547927995788	0.2830509730168919	-1.7454454702652902	263.349	242.27	C1C(COC2=C1C=CC(=C2)O)C3=CC=C(C=C3)O	49.7	273	0	2	3	1	18	1	0	92	3	-0.5079666421735157	0.2930955307980986	0.2930955307980986	0.5079666421735157	-2.1599999999999997	125.1224327677243	3	0	0	1	3	2	0	1	0	1	2	2	0	0	0	0	0.2	0.9811725198068685	0.5344873755665348	0.001922999512714028	0.19313333833349533	0.9539079234272627	0.31762018332883646	3.373547348969033	2.816500000000002	68.15360000000003	18	218.715	306.0793918513828	0	0	0	2	0	0	0	0	0	0	0	0	1	2	0	0	0	0	0	0	0	0	0	0	0	0	0	0	0	0	0	0	0	0	0	0	0	0	0	0	0	0	0	0	0	0	0	0	0	0	0	0	0	0	0	0	0	0	0	0	0	0	0	0	0	0	1	2	0	0	0	0	0	2	0	0	0	0	0	0	0	0	0	0	0	3	3	0	0	0	0	230.391	11.676	0.949
122850	-0.7108562994020353	-2.862693156966899	2.540804879595988	0.24698280724956745	0.08404527221908804	-1.9377409849276281	-0.6560262241288524	-2.405612776025917	-0.564160267014416	0.6344567705323263	1.4430430853664777	-0.3888540075651654	286.629	288.25	C1=CC(=CC=C1C2C(C(=O)C3=C(C=C(C=C3O2)O)O)O)O	107.0	392	0	4	6	1	21	2	0	108	6	-0.5079666064362252	0.2931358699848075	0.2931358699848075	0.5079666064362252	-2.7300000000000004	136.23582188807896	3	0	0	1	6	4	0	1	0	1	2	2	0	0	0	0	0.13333333333333333	0.9781992732753713	0.5019668009585898	0.0011282305717044581	0.20766844190568648	0.8556134538130697	0.1711452147329182	3.6151846113411947	1.4807000000000006	71.5847	21	238.097	319.30184252885203	1	1	1	3	0	0	0	0	0	0	0	1	1	3	0	0	0	0	0	0	0	0	0	0	0	0	0	0	0	0	0	0	0	0	0	0	0	0	0	0	0	0	0	0	0	0	0	0	0	0	0	0	0	0	0	0	0	0	0	0	0	0	0	0	0	0	1	2	0	0	0	0	0	3	0	0	0	0	0	0	0	0	1	0	0	6	6	0	0	0	0	250.275	12.177	0.951
155011	-2.008148862339399	-2.0305038219214344	1.32090154793017	2.875863975618336	1.9692499527725573	0.42120009749411996	-1.3828385448808063	1.8154885451030742	3.2924842468804245	1.6470264204818437	-0.5064778908421614	-0.2174876676008473	319.780	330.29	CC1=CC2=C(C(=C1O)OC)C(=O)C3=C(C(=C(C=C3C2=O)O)OC)O	113.0	521	0	3	7	2	24	0	0	124	7	-0.5041396003475447	0.29332026794209004	0.29332026794209004	0.5041396003475447	-3.22	156.1698104364352	3	0	0	0	7	3	0	1	1	0	2	2	0	0	0	0	0.17647058823529413	0.9723689537488684	0.46059104500224435	0.0007730205346246821	0.23344939020123995	0.7841367380723588	0.04965905361288933	3.6429736504083805	1.9044199999999996	82.58440000000002	24	273.062	361.7103883792395	2	2	0	3	2	0	0	0	0	0	0	2	2	3	0	0	0	0	0	0	0	0	0	0	0	0	0	0	0	0	0	0	0	0	0	0	0	0	0	0	0	0	0	0	0	0	0	0	0	0	0	0	0	0	0	0	0	0	0	0	0	0	0	0	0	0	2	2	0	0	0	0	0	3	0	0	0	0	0	0	0	0	0	0	0	6	6	0	0	0	0	287.981	14.919	0.948
155240	1.0357800044483843	2.3365207157975147	-1.32787337945096	-0.46435424144518167	0.44705847719410785	1.3879521272211381	1.910551449057384	0.9098104851612212	-1.8752718909045805	-1.2152757212689511	0.70636107973698	-0.018575848835805008	232.313	196.2	CC(=O)OCCC1=CC(=C(C=C1)O)O	66.8	193	0	2	4	4	14	0	0	76	4	-0.5042598930441967	0.3021342050869285	0.3021342050869285	0.5042598930441967	-1.71	98.78769292929425	1	0	0	0	4	2	0	0	0	0	1	1	0	0	0	0	0.3	0.971204931943133	0.4516644437006633	0.0023105096281043442	0.23824562990605808	0.9220369031186123	0.27708258291455884	3.036661287871903	1.2033999999999998	50.10860000000003	14	179.295	264.0778646327422	1	1	0	2	0	0	1	0	0	0	0	0	1	2	0	0	0	0	0	0	0	0	0	0	0	0	0	0	0	0	0	0	0	0	0	0	0	0	0	0	0	0	0	0	0	0	0	0	0	0	0	0	0	0	0	0	0	0	0	0	0	0	0	0	0	0	0	1	0	0	0	0	0	2	0	0	0	0	0	0	0	0	0	0	0	4	3	0	0	0	0	190.307	11.013	0.942
176096	0.877423633269066	2.3549536347756694	-0.277174232804084	1.7671280646847551	0.0256673000915272	2.205094297410093	0.6424143709137364	1.1100523984972601	0.4096358588404557	0.3072727744393509	-2.727017236002054	2.531489405080567	348.245	304.34	COC1=CC(=CC(=C1O)OC)CCC2=CC(=C(C=C2)O)OC	68.2	310	0	2	5	6	22	0	0	118	5	-0.5042546045040497	0.2934299852814115	0.2934299852814115	0.5042546045040497	-2.56	157.51506161006736	2	0	0	0	5	2	0	0	0	0	2	2	0	0	0	0	0.29411764705882354	0.9604759783685486	0.3850908480155049	0.0008903487378043991	0.2783628836195287	0.8788569227962214	0.2583517680915482	3.5450683139336756	2.908800000000001	83.27760000000004	22	279.631	403.13988860398194	0	0	0	2	3	0	0	0	0	0	0	0	3	2	0	0	0	0	0	0	0	0	0	0	0	0	0	0	0	0	0	0	0	0	0	0	0	0	0	0	0	0	0	0	0	0	0	0	0	0	0	0	0	0	0	0	0	0	0	0	0	0	0	0	0	0	0	2	0	0	0	0	0	2	0	0	0	0	0	0	0	0	0	0	0	9	9	0	0	0	0	304.174	24.543	0.919
220295	0.12480216181164885	0.14849897616703175	0.2560151818491986	-0.7790681312345988	-1.0965472404687047	0.906839150083643	3.12964656859878	-1.8466370906706182	0.3164386882382629	1.526238599905213	0.9047264722717722	1.2835301029695407	229.096	214.22	C1=CC=C(C(=C1)C(=O)C2=CC=C(C=C2)O)O	57.5	244	0	2	3	2	16	0	0	80	3	-0.5079662129521548	0.2931291525878923	0.2931291525878923	0.5079662129521548	-2.29	106.82647456232596	2	0	0	0	3	2	0	0	0	0	2	2	0	0	0	0	0.0	0.9827740667530651	0.5454579463203989	0.0022127762531647423	0.18481107574396613	0.8539464296895996	0.0998016638906037	3.1522477698086497	2.328800000000001	59.646100000000025	16	189.846	253.56919780681835	1	1	0	2	0	0	0	0	0	0	0	1	0	2	0	0	0	0	0	0	0	0	0	0	0	0	0	0	0	0	0	0	0	0	0	0	0	0	0	0	0	0	0	0	0	0	0	0	0	0	0	0	0	0	0	0	0	0	0	0	0	0	0	0	0	0	0	2	0	0	0	0	0	2	0	0	1	0	0	0	0	0	0	0	0	0	0	0	0	0	0	196.591	6.745	0.966
238398	-0.5988397077617742	-1.496391945935342	-2.5958560183447914	-0.4821742583327584	-0.30252517023786096	1.8426657080004258	0.7553079639200148	1.0620198689141653	0.8861512730721117	-1.0964709449778305	1.8911842309270457	1.001114933018227	149.410	140.1	CC(C)C(=O)C(F)(F)F	17.1	114	0	0	4	1	9	0	0	54	4	-0.2892908912085021	0.4497460490604494	0.2892908912085021	0.4497460490604494	-0.54	60.691941295413166	0	0	0	0	1	0	0	0	0	0	0	0	0	0	0	0	0.8	0.9042953749220791	0.20441996828539175	0.004185223032233337	0.4269073375974419	0.8493118572570774	0.3654822290169629	1.9650529446049396	1.7738	25.89999999999999	9	112.530	163.96612689556915	1	1	0	0	0	0	0	0	0	0	0	1	0	0	0	0	0	0	0	0	0	0	0	0	0	0	0	0	0	0	0	0	0	0	0	0	0	0	0	0	0	3	3	0	0	0	0	0	0	0	0	0	0	0	0	0	0	0	0	0	0	0	0	0	0	0	0	0	0	0	0	0	0	0	0	0	0	0	0	0	0	0	1	0	0	0	0	0	0	0	0	118.405	5.874	0.950
440735	-1.36616935362344	0.12461229687132994	0.36777135552792173	1.8496866207044331	-0.8384349207145319	-2.2780327183896474	0.5747633373801192	-0.6408183889187011	-1.117314333997622	-0.39455068369948243	3.7605315617861157	-0.5373127734929367	278.913	288.25	C1C(OC2=CC(=CC(=C2C1=O)O)O)C3=CC(=C(C=C3)O)O	107.0	400	0	4	6	1	21	1	0	108	6	-0.5076785670448518	0.2932938005573878	0.2932938005573878	0.5076785670448518	-2.8899999999999997	136.235821888079	3	0	0	1	6	4	0	1	0	1	2	2	0	0	0	0	0.13333333333333333	0.9844552623852246	0.5649795586676799	0.001157457019585762	0.17563552135612692	0.8320743803329286	0.03169310512309614	3.7754569230751014	2.2155000000000022	71.8597	21	237.365	310.47053992528583	1	1	0	4	0	0	0	0	0	0	0	1	1	4	0	0	0	0	0	0	0	0	0	0	0	0	0	0	0	0	0	0	0	0	0	0	0	0	0	0	0	0	0	0	0	0	0	0	0	0	0	0	0	0	0	0	0	0	0	0	0	0	0	0	0	0	1	2	0	0	0	0	0	4	0	0	0	0	0	0	0	0	1	0	0	3	3	0	0	0	0	247.788	10.423	0.958
689075	0.2947891280442775	-0.3153605301042728	-0.13571064245650893	1.1573884357178819	2.0494832836196677	1.8930890128800606	-0.9308284882045982	0.8410128366939718	-2.5996317353135616	0.25926138579778113	0.8452122823850702	-0.6708055565171591	217.753	194.18	COC(=O)C=CC1=CC(=C(C=C1)O)O	66.8	224	0	2	4	3	14	0	1	74	4	-0.504259631901577	0.329985093619609	0.329985093619609	0.504259631901577	-1.9699999999999998	95.2881488967744	1	0	0	0	4	2	0	0	0	0	1	1	0	0	0	0	0.1	0.9946474001299138	0.7220031895824602	0.0038220173154520118	0.10332738947057213	0.8981102697100962	0.014419581137900298	3.423401647527251	1.2839999999999998	50.821600000000025	14	172.852	238.66668503927636	1	1	0	2	1	0	1	0	0	0	0	0	1	2	0	0	0	0	0	0	0	0	0	0	0	0	0	0	0	0	0	0	0	0	0	0	0	0	0	0	0	0	0	0	0	0	0	0	0	0	0	0	0	0	0	0	0	0	0	0	0	0	0	0	0	0	0	1	0	0	0	0	0	2	0	0	0	0	0	0	0	0	0	0	0	4	3	0	0	0	0	179.200	6.348	0.965
5280441	0.12521659043399397	2.027371542394154	4.613363047392141	-2.729160173721518	-1.2489561979197743	-0.8218652861469474	1.4009063309081307	-1.1749630411847878	-1.5853391367298637	0.4718378220811366	-2.1957462450546026	-1.9429650893237096	403.499	432.4	C1=CC(=CC=C1C2=CC(=O)C3=C(O2)C(=C(C=C3O)O)C4C(C(C(C(O4)CO)O)O)O)O	177.0	690	0	7	10	3	31	5	0	164	10	-0.5079662131563947	0.2931361743852615	0.2931361743852615	0.5079662131563947	-3.1500000000000004	202.69960561932533	4	0	0	2	10	7	0	1	0	1	3	2	1	0	1	1	0.2857142857142857	0.8794066436288261	0.19129020026098617	0.00019803698500561032	0.4760713760997217	0.6434135750532614	0.22076040664418478	4.089806791769206	0.09170000000000023	105.6346	31	349.131	450.61347216714125	0	0	4	3	0	0	0	0	0	0	0	0	1	3	0	0	0	0	0	0	0	0	0	0	0	0	0	0	0	0	0	0	0	0	0	0	0	0	0	0	0	0	0	0	0	0	0	0	0	0	0	0	0	0	0	0	0	0	0	0	0	0	0	0	0	0	1	2	0	0	0	0	0	3	0	0	0	0	0	0	0	0	0	0	0	18	18	0	0	0	0	372.813	23.682	0.936
5280443	-0.7881306384925946	-0.1745687260675877	-0.13856430195645064	-2.54911135774903	-1.2674065118821358	-2.7171537039322335	0.8856381062831629	0.3871809391565446	-0.06252684035906791	1.5173488335272451	-1.0754644262869986	-1.5022834485259002	261.296	270.24	C1=CC(=CC=C1C2=CC(=O)C3=C(C=C(C=C3O2)O)O)O	87.0	411	0	3	5	1	20	0	0	100	5	-0.5079662131563947	0.2931361699184205	0.2931361699184205	0.5079662131563947	-2.95	126.82891781399685	3	0	0	1	5	3	0	0	0	0	3	2	1	0	0	0	0.0	0.9857097407929767	0.5797016233153369	0.0013487021426099928	0.16845268447205794	0.8323681523205292	0.0076934845687667485	3.682773610532715	2.5768000000000018	72.9144	20	222.348	289.35948928467764	0	0	0	3	0	0	0	0	0	0	0	0	0	3	0	0	0	0	0	0	0	0	0	0	0	0	0	0	0	0	0	0	0	0	0	0	0	0	0	0	0	0	0	0	0	0	0	0	0	0	0	0	0	0	0	0	0	0	0	0	0	0	0	0	0	0	1	2	0	0	0	0	0	3	0	0	0	0	0	0	0	0	0	0	0	0	0	0	0	0	0	230.489	8.141	0.965
5280445	-1.6988088948715645	0.2510944167993949	-1.635187808503641	-2.153168562713668	-0.9915637785995206	-2.390393732340207	-1.5101951284338395	1.1040780026110704	-1.6591754114361605	-0.17317894573151466	-0.9699874592771711	-0.45205057314553365	273.874	286.24	C1=CC(=C(C=C1C2=CC(=O)C3=C(C=C(C=C3O2)O)O)O)O	107.0	447	0	4	6	1	21	0	0	106	6	-0.5076781658604214	0.29329398309204224	0.29329398309204224	0.5076781658604214	-3.1500000000000004	131.7098218243201	3	0	0	1	6	4	0	0	0	0	3	2	1	0	0	0	0.0	0.9852368694201482	0.574304990403176	0.0011845297855631145	0.17119670304998832	0.8291438526698697	0.0033570733593877786	3.77978259289092	2.2824000000000018	74.5792	21	229.457	294.44268092633035	0	0	0	4	0	0	0	0	0	0	0	0	0	4	0	0	0	0	0	0	0	0	0	0	0	0	0	0	0	0	0	0	0	0	0	0	0	0	0	0	0	0	0	0	0	0	0	0	0	0	0	0	0	0	0	0	0	0	0	0	0	0	0	0	0	0	1	2	0	0	0	0	0	4	0	0	0	0	0	0	0	0	0	0	0	0	0	0	0	0	0	237.893	8.436	0.965
5280448	0.9987783252249783	1.6926556108042086	2.275934349511317	1.4767194441001552	0.6836126495632548	0.4680731007189945	-1.6612105235702925	-1.3977849597168035	1.589909437122567	-2.904566646206972	0.6191176483192717	1.3643608873264186	287.614	284.26	COC1=C(C=C(C=C1)C2=COC3=C(C2=O)C=CC(=C3)O)O	76.0	432	0	2	5	2	21	0	0	106	5	-0.507821985322328	0.29329408710242383	0.29329408710242383	0.507821985322328	-2.95	136.2364421479127	3	0	0	1	5	2	0	0	0	0	3	2	1	0	0	0	0.0625	0.9944033582010595	0.7162909817036507	0.0020285688987495645	0.10565018314444773	0.9251914180946055	0.06728227730106918	3.9268615903674506	2.879800000000002	77.80160000000002	21	239.737	316.7998751985326	0	0	0	2	1	0	0	0	0	0	0	0	1	2	0	0	0	0	0	0	0	0	0	0	0	0	0	0	0	0	0	0	0	0	0	0	0	0	0	0	0	0	0	0	0	0	0	0	0	0	0	0	0	0	0	0	0	0	0	0	0	0	0	0	0	0	1	2	0	0	0	0	0	2	0	0	0	0	0	0	0	0	0	0	0	3	3	0	0	0	0	249.170	9.433	0.962
5280633	-2.950345128952887	-0.6355524866619998	1.7050099621385222	0.9384362342285097	0.532493203603537	2.8466384467111077	1.1278857617284157	0.44667737908021143	-3.3379895720905326	2.840813081965111	1.2005350180350989	-0.4642767208168185	352.295	354.31	C1C(C(C(CC1(C(=O)O)O)OC(=O)C=CC2=CC(=C(C=C2)O)O)O)O	165.0	534	0	6	9	5	25	4	1	136	9	-0.504259631901577	0.33543221582171046	0.33543221582171046	0.504259631901577	-2.6199999999999997	167.3968725723041	2	0	0	0	9	6	0	1	1	0	1	1	0	1	0	1	0.375	0.9886275144535628	0.6169628269593812	0.0008864076128649571	0.15038496489134326	0.9339519786726326	0.18563084327100257	4.539624933087263	-0.6459000000000001	82.5188	25	294.688	395.13735542060806	2	1	3	2	0	0	1	1	0	1	1	0	1	2	0	0	0	0	0	0	0	0	0	0	0	0	0	0	0	0	0	0	0	0	0	0	0	0	0	0	0	0	0	0	0	0	0	0	0	0	0	0	0	0	0	0	0	0	0	0	0	0	0	0	0	0	0	1	0	0	0	0	0	2	0	0	0	0	0	0	0	0	0	0	0	14	12	9	0	0	0	314.183	19.495	0.938
5280961	0.9091329355617433	-0.04053494835486791	0.45720691432157873	-0.9952887609667627	-3.2526498127263386	-0.595718955172184	-0.3383060364636777	-0.9490324996693833	3.0117322705021907	-0.7445867083613444	-0.4089886900843703	-0.4181574279213994	260.100	270.24	C1=CC(=CC=C1C2=COC3=CC(=CC(=C3C2=O)O)O)O	87.0	411	0	3	5	1	20	0	0	100	5	-0.507966244667516	0.2931361745734366	0.2931361745734366	0.507966244667516	-2.95	126.82891781399688	3	0	0	1	5	3	0	0	0	0	3	2	1	0	0	0	0.0	0.9911909176558452	0.6545560019350626	0.0019416261456564354	0.13244079717580798	0.8900203025074872	0.06394473656225644	3.598790228041488	2.576800000000001	72.9144	20	221.787	291.5996331435084	0	0	0	3	0	0	0	0	0	0	0	0	0	3	0	0	0	0	0	0	0	0	0	0	0	0	0	0	0	0	0	0	0	0	0	0	0	0	0	0	0	0	0	0	0	0	0	0	0	0	0	0	0	0	0	0	0	0	0	0	0	0	0	0	0	0	1	2	0	0	0	0	0	3	0	0	0	0	0	0	0	0	0	0	0	0	0	0	0	0	0	229.953	8.167	0.964
5281222	0.5206725881245795	-0.7331023173913493	-0.14800870595354104	3.0448012850275585	-1.6368459274541465	1.3584700789737898	0.455550452912595	2.490288839207083	-1.7374656294459332	-0.049237822739604704	1.3123543673003202	-1.5278187370228205	282.607	272.25	C1=CC(=C(C=C1C=CC(=O)C2=C(C=C(C=C2)O)O)O)O	98.0	367	0	4	5	3	20	0	1	102	5	-0.5078225160097343	0.29329396583861833	0.29329396583861833	0.5078225160097343	-2.95	131.43850477991708	2	0	0	0	5	4	0	0	0	0	2	2	0	0	0	0	0.0	0.9947034136811109	0.723113864833223	0.001985954795775454	0.10278676379351995	0.9064729794037162	0.020893818100414897	4.047981039105051	2.405100000000002	72.90769999999999	20	233.391	306.9025664452512	1	1	0	4	0	0	0	0	0	0	0	1	0	4	0	0	0	0	0	0	0	0	0	0	0	0	0	0	0	0	0	0	0	0	0	0	0	0	0	0	0	0	0	0	0	0	0	0	0	0	0	0	0	0	0	0	0	0	0	0	0	0	0	0	0	0	0	2	0	0	0	0	0	4	0	0	0	1	0	0	0	0	0	0	0	0	0	0	0	0	0	241.948	8.557	0.965
5281343	-0.2517682173484349	-1.6726924287545324	-0.34692241981246014	-0.5505590646835312	-1.6739127013203512	-1.1733250385317744	-0.9478048881841066	0.7881916314905336	0.6283896902057069	-0.19002080883888844	-1.1751519682770781	-1.9074909353247629	173.878	178.14	C1=COC2=CC(=CC(=C2C1=O)O)O	66.8	248	0	2	4	0	13	0	0	66	4	-0.5076781707464674	0.29313616987255514	0.29313616987255514	0.5076781707464674	-1.97	81.27103759693834	2	0	0	1	4	2	0	0	0	0	2	1	1	0	0	0	0.0	0.93571248564625	0.3144867231859611	0.0017810667702606447	0.3527635811782681	0.6487144554022674	0.012091536890843354	2.408356927848193	1.2041999999999997	45.813600000000015	13	142.661	190.65025445423615	0	0	0	2	0	0	0	0	0	0	0	0	0	2	0	0	0	0	0	0	0	0	0	0	0	0	0	0	0	0	0	0	0	0	0	0	0	0	0	0	0	0	0	0	0	0	0	0	0	0	0	0	0	0	0	0	0	0	0	0	0	0	0	0	0	0	1	1	0	0	0	0	0	2	0	0	0	0	0	0	0	0	0	0	0	0	0	0	0	0	0	147.111	4.449	0.970
5281605	-1.8541698243171099	-1.6357342447988723	0.08201550169395838	-3.3658766924285737	1.408777024869719	-0.532686171929418	0.9982616926138551	0.4324473205071629	2.076446858768934	-0.028248748211945653	-1.3822290673151207	1.1805853983211512	263.015	270.24	C1=CC=C(C=C1)C2=CC(=O)C3=C(O2)C=C(C(=C3O)O)O	87.0	413	0	3	5	1	20	0	0	100	5	-0.5040678974331602	0.2934301720662869	0.2934301720662869	0.5040678974331602	-2.95	126.82891781399687	3	0	0	1	5	3	0	0	0	0	3	2	1	0	0	0	0.0	0.9838200937380139	0.5588164342009991	0.0013574265047865087	0.17915921175682084	0.8208407882485234	1.9775881642524657e-11	3.534084378241046	2.576800000000001	72.9144	20	221.638	281.67173537414544	0	0	0	3	0	0	0	0	0	0	0	0	0	3	0	0	0	0	0	0	0	0	0	0	0	0	0	0	0	0	0	0	0	0	0	0	0	0	0	0	0	0	0	0	0	0	0	0	0	0	0	0	0	0	0	0	0	0	0	0	0	0	0	0	0	0	1	2	0	0	0	0	0	3	0	0	0	0	0	0	0	0	0	0	0	0	0	0	0	0	0	229.108	7.470	0.967
5281628	-0.0850485415109551	2.7428333552254696	0.5349681864483237	-0.9965641566321147	1.9230798521255352	-2.2411341162405263	-0.5634455296034522	-0.18784515335529706	2.09802492240216	2.115901282295669	-1.0649426648667664	-0.6364833672090007	291.224	300.26	COC1=C(C2=C(C=C1O)OC(=CC2=O)C3=CC=C(C=C3)O)O	96.2	454	0	3	6	2	22	0	0	112	6	-0.5079662131563947	0.29332216158404806	0.29332216158404806	0.5079662131563947	-3.15	141.117346158236	3	0	0	1	6	3	0	0	0	0	3	2	1	0	0	0	0.0625	0.9902658548876617	0.6401312211934584	0.0013617233465984522	0.13918885244015994	0.8691524378183921	0.026246054498107733	3.916083910663305	2.585400000000001	79.46640000000002	22	247.063	325.4793195928662	0	0	0	3	1	0	0	0	0	0	0	0	1	3	0	0	0	0	0	0	0	0	0	0	0	0	0	0	0	0	0	0	0	0	0	0	0	0	0	0	0	0	0	0	0	0	0	0	0	0	0	0	0	0	0	0	0	0	0	0	0	0	0	0	0	0	1	2	0	0	0	0	0	3	0	0	0	0	0	0	0	0	0	0	0	3	3	0	0	0	0	258.530	11.466	0.956
5281647	2.2409766849139094	-2.1064355361904963	2.73163411772921	-3.6300807543690166	-2.459333368578121	1.1302971210568789	-0.8201538246989709	2.3588920926683326	-1.3312426757210516	0.1966390419779242	2.2269888527197006	1.4760807162635428	375.343	422.3	C1=C2C(=CC(=C1O)O)OC3=C(C2=O)C(=C(C(=C3)O)C4C(C(C(C(O4)CO)O)O)O)O	197.0	646	0	8	11	2	30	5	0	160	11	-0.5072794892320105	0.29329583801834297	0.29329583801834297	0.5072794892320105	-3.09	192.39513895498413	4	0	0	2	11	8	0	1	0	1	3	2	1	0	1	1	0.3157894736842105	0.9913996865284922	0.6584211381832649	0.0008569640710959156	0.13086887158987584	0.9222802823426615	0.09807573178329272	4.47090140106871	-0.7164999999999995	99.3694	30	329.881	414.2924087422337	0	0	4	4	0	0	0	0	0	0	0	0	1	4	0	0	0	0	0	0	0	0	0	0	0	0	0	0	0	0	0	0	0	0	0	0	0	0	0	0	0	0	0	0	0	0	0	0	0	0	0	0	0	0	0	0	0	0	0	0	0	0	0	0	0	0	2	2	0	0	0	0	0	4	0	0	0	0	0	0	0	0	0	0	0	18	18	0	0	0	0	348.736	18.856	0.946
5281718	3.050916181853959	1.2754874836809722	-0.36906094716963833	0.6588499335824956	-3.325136243908492	-0.3630824204855988	-1.144647918191277	-2.3689793027876265	-4.078042987308436	1.0471514240204123	-1.060422241807074	-1.5625845740905142	401.099	390.4	C1=CC(=CC=C1C=CC2=CC(=CC(=C2)OC3C(C(C(C(O3)CO)O)O)O)O)O	140.0	506	0	6	8	5	28	5	1	150	8	-0.5079662507800027	0.2930960680949632	0.2930960680949632	0.5079662507800027	-2.62	192.13446557966546	3	0	0	1	8	6	0	1	0	1	2	2	0	0	1	1	0.3	0.9934973382623495	0.6978112407995211	0.0007918924484413006	0.11385534184054026	0.9440539201428889	0.09242835219274208	5.253375891587087	0.44690000000000035	99.53680000000006	28	335.811	440.973164857191	0	0	4	2	0	0	0	0	0	0	0	0	2	2	0	0	0	0	0	0	0	0	0	0	0	0	0	0	0	0	0	0	0	0	0	0	0	0	0	0	0	0	0	0	0	0	0	0	0	0	0	0	0	0	0	0	0	0	0	0	0	0	0	0	0	0	0	2	0	0	0	0	0	2	0	0	0	0	0	0	0	0	0	0	0	20	19	0	0	0	0	355.248	19.437	0.945
5281787	1.1481487189666022	-0.6837483387639623	-1.9071680322626694	-0.0609793631220712	1.0411594906750459	1.5749102662718881	2.2057319123112	2.3298917843096234	-0.9219348286009695	0.5951300553618877	-2.181099039695043	-3.0372990587107624	321.998	284.31	C1=CC=C(C=C1)CCOC(=O)C=CC2=CC(=C(C=C2)O)O	66.8	347	0	2	4	6	21	0	1	108	4	-0.504259631901577	0.33027228204677955	0.33027228204677955	0.504259631901577	-2.7499999999999996	145.1400082182419	2	0	0	0	4	2	0	0	0	0	2	2	0	0	0	0	0.11764705882352941	0.9987394060919559	0.8569926114789989	0.0027330158336670977	0.05019560457935861	0.9616641695631594	0.03553015747558611	4.980177516435433	2.8969000000000023	79.91060000000003	21	260.695	355.9913620310598	1	1	0	2	0	0	1	0	0	0	0	0	1	2	0	0	0	0	0	0	0	0	0	0	0	0	0	0	0	0	0	0	0	0	0	0	0	0	0	0	0	0	0	0	0	0	0	0	0	0	0	0	0	0	0	0	0	0	0	0	0	0	0	0	0	0	0	2	0	0	0	0	0	2	0	0	0	0	0	0	0	0	0	0	0	4	3	0	0	0	0	273.212	12.517	0.954
5281811	1.2484869397709528	2.1076185715206606	0.45671554274374615	-0.5165141738023843	-1.5803150301823163	0.5065650760843323	-1.3482069447674594	0.6714279495915614	3.7450225165185183	1.1462234041031212	1.270557235435261	-1.3461834720993215	290.154	300.26	COC1=C(C2=C(C=C1O)OC=C(C2=O)C3=CC=C(C=C3)O)O	96.2	454	0	3	6	2	22	0	0	112	6	-0.507966244667516	0.29332216454873894	0.29332216454873894	0.507966244667516	-3.15	141.117346158236	3	0	0	1	6	3	0	0	0	0	3	2	1	0	0	0	0.0625	0.9902259763849871	0.6390719346980465	0.0014544069690950383	0.13947227571241122	0.8830610855708745	0.05677073493027557	3.8290252147882766	2.585400000000001	79.46640000000001	22	247.948	328.33999651864536	0	0	0	3	1	0	0	0	0	0	0	0	1	3	0	0	0	0	0	0	0	0	0	0	0	0	0	0	0	0	0	0	0	0	0	0	0	0	0	0	0	0	0	0	0	0	0	0	0	0	0	0	0	0	0	0	0	0	0	0	0	0	0	0	0	0	1	2	0	0	0	0	0	3	0	0	0	0	0	0	0	0	0	0	0	3	3	0	0	0	0	259.543	11.595	0.955
5284649	-1.6405997047627667	0.3133989102504857	2.326720630476592	0.700824818515301	-1.4429162188332507	-0.05438703247313538	-1.8798119599445062	0.43006132278143283	-0.4471842550922044	-2.755563000421118	-1.4991093509238134	-0.20377845177291556	263.549	270.24	C1=CC(=CC=C1C2=COC3=CC(=C(C=C3C2=O)O)O)O	87.0	411	0	3	5	1	20	0	0	100	5	-0.507966244667516	0.2932958380018003	0.2932958380018003	0.507966244667516	-2.95	126.82891781399687	3	0	0	1	5	3	0	0	0	0	3	2	1	0	0	0	0.0	0.9937036431480524	0.7011207666407885	0.002175731672854679	0.11204048194419793	0.9084946542237239	0.05604188247639819	3.7326255674458	2.576800000000001	72.9144	20	222.275	283.396194081524	0	0	0	3	0	0	0	0	0	0	0	0	0	3	0	0	0	0	0	0	0	0	0	0	0	0	0	0	0	0	0	0	0	0	0	0	0	0	0	0	0	0	0	0	0	0	0	0	0	0	0	0	0	0	0	0	0	0	0	0	0	0	0	0	0	0	1	2	0	0	0	0	0	3	0	0	0	0	0	0	0	0	0	0	0	0	0	0	0	0	0	230.215	7.940	0.966
5317284	-1.325141949244634	2.615834689352339	-1.1636473207886537	-0.5970728125217994	2.346664602508521	-2.225871853220214	-1.996809769679037	2.107041130494447	-0.22691558698796624	0.7733147214861767	0.22782240694888872	0.026454580961611077	306.977	316.26	COC1=C(C2=C(C=C1O)OC(=CC2=O)C3=CC(=C(C=C3)O)O)O	116.0	491	0	4	7	2	23	0	0	118	7	-0.5042596070678388	0.29332216158404806	0.29332216158404806	0.5042596070678388	-3.35	145.99825016855925	3	0	0	1	7	4	0	0	0	0	3	2	1	0	0	0	0.0625	0.9887843442942733	0.6183957374120473	0.0011298457846161164	0.1493503280161918	0.8585058586828568	0.025019213275549852	4.018691736243579	2.291000000000001	81.13120000000002	23	256.075	331.18386780421395	0	0	0	4	1	0	0	0	0	0	0	0	1	4	0	0	0	0	0	0	0	0	0	0	0	0	0	0	0	0	0	0	0	0	0	0	0	0	0	0	0	0	0	0	0	0	0	0	0	0	0	0	0	0	0	0	0	0	0	0	0	0	0	0	0	0	1	2	0	0	0	0	0	4	0	0	0	0	0	0	0	0	0	0	0	3	3	0	0	0	0	267.644	11.569	0.957
5318650	1.3879560754696731	-0.3683347897257727	-0.5225280059125381	1.0109309602060028	0.3770825645592577	1.9548456283076412	-2.656160638579641	-2.361184968726954	-0.4267315161443288	1.3009725354991728	-1.4525815611334902	1.2324970183082713	281.291	258.27	COC1=C(C=CC(=C1)C=CC2=CC(=CC(=C2)O)O)O	69.9	295	0	3	4	3	19	0	1	98	4	-0.5078005906153596	0.2932937444910773	0.2932937444910773	0.5078005906153596	-2.62	130.31956489939253	2	0	0	0	4	3	0	0	0	0	2	2	0	0	0	0	0.06666666666666667	0.9911831632532206	0.6551327399109377	0.0014932104806313327	0.13249881842242758	0.8682436680710512	0.00821315846918755	4.122829651369799	2.9824000000000024	73.35840000000002	19	232.280	307.29564810089954	0	0	0	3	1	0	0	0	0	0	0	0	1	3	0	0	0	0	0	0	0	0	0	0	0	0	0	0	0	0	0	0	0	0	0	0	0	0	0	0	0	0	0	0	0	0	0	0	0	0	0	0	0	0	0	0	0	0	0	0	0	0	0	0	0	0	0	2	0	0	0	0	0	3	0	0	0	0	0	0	0	0	0	0	0	3	3	0	0	0	0	241.258	8.978	0.963
5319502	0.5892429965976873	-1.5547087588053436	-0.06305405771731926	-0.24223329367998883	0.576390809655686	-1.228455359887587	-1.323784240726912	1.1293377534906954	-0.8690481963428465	-1.8604507173693632	0.14779228955856394	2.379630883079342	199.174	192.17	CC1=CC(=O)OC2=CC(=C(C=C12)O)O	66.8	284	0	2	4	0	14	0	0	72	4	-0.5042422118735205	0.3359622096279759	0.3359622096279759	0.5042422118735205	-1.9699999999999998	90.44592071167057	2	0	0	1	4	2	0	0	0	0	2	1	1	0	0	0	0.1	0.9629635549088594	0.40869019916434585	0.0019585804683988103	0.26963158553346833	0.732775858500275	0.026324930584792204	2.688734481070877	1.5126199999999996	50.55060000000002	14	160.351	211.4618925248065	0	0	0	2	0	0	0	0	0	0	0	0	0	2	0	0	0	0	0	0	0	0	0	0	0	0	0	0	0	0	0	0	0	0	0	0	0	0	0	0	0	0	0	0	0	0	0	0	0	0	0	0	0	0	0	0	0	0	0	0	0	0	0	0	0	0	1	1	0	0	0	0	0	2	0	0	0	0	1	0	0	0	0	0	0	0	0	0	1	0	0	166.165	5.815	0.965
5320053	2.1362649088037116	-0.2695788396117848	1.0509523615485403	-0.013725643299969937	1.027049950243312	0.678965227453547	-1.240219423025034	0.4186282289621946	1.1548803003044696	-5.09237246488553	-0.11775022227721722	-2.1758901186930792	343.583	322.4	CC(=CCC1=C(C=CC(=C1)C2=COC3=C(C2=O)C=CC(=C3)O)O)C	66.8	532	0	2	4	3	24	0	0	122	4	-0.507821985322328	0.29310802569376543	0.29310802569376543	0.507821985322328	-3.01	164.32288534481484	3	0	0	1	4	2	0	0	0	0	3	2	1	0	0	0	0.15	0.9946367298644018	0.7230743886622599	0.0015098260771930453	0.10343005174826607	0.9612771980968748	0.13245990948645356	4.439981477474063	4.379900000000004	94.38460000000003	24	291.011	393.75809389318533	0	0	0	2	0	0	0	0	0	0	0	0	0	2	0	0	0	0	0	0	0	0	0	0	0	0	0	0	0	0	0	0	0	0	0	0	0	0	0	0	0	0	0	0	0	0	0	0	0	0	0	0	0	0	0	0	0	0	0	0	0	0	0	0	0	0	1	2	0	0	0	0	0	2	0	0	0	2	0	0	0	0	0	0	0	0	0	0	0	0	0	306.476	15.465	0.950
5320315	0.4786000877206005	0.9925882390976748	0.5930077189858028	-2.1437291674421908	3.0645503670918055	-1.5483662498498414	-0.9148531145999579	1.9899006083125572	1.6000870443198825	1.89863389697881	0.1602242844546914	0.010843915004219332	288.888	284.26	COC1=C(C2=C(C=C1O)OC(=CC2=O)C3=CC=CC=C3)O	76.0	426	0	2	5	2	21	0	0	106	5	-0.5040628988041304	0.29332216158404806	0.29332216158404806	0.5040628988041304	-2.9499999999999997	136.23644214791275	3	0	0	1	5	2	0	0	0	0	3	2	1	0	0	0	0.0625	0.9854879014786249	0.5763329884549401	0.001313312269011751	0.16974568047304203	0.8417527697225917	0.031864477465119646	3.6550265896216803	2.8798000000000017	77.80160000000002	21	239.462	316.81745655313205	0	0	0	2	1	0	0	0	0	0	0	0	1	2	0	0	0	0	0	0	0	0	0	0	0	0	0	0	0	0	0	0	0	0	0	0	0	0	0	0	0	0	0	0	0	0	0	0	0	0	0	0	0	0	0	0	0	0	0	0	0	0	0	0	0	0	1	2	0	0	0	0	0	2	0	0	0	0	0	0	0	0	0	0	0	3	3	0	0	0	0	250.265	10.804	0.957
5320954	0.683425402411937	0.28266571458775636	-1.6353733051116865	2.5647566109696287	1.0094295883099038	0.33252347613360117	-1.2121279996905399	-2.7198302455796055	0.309690520996285	0.18743428238046106	-2.102637330360278	0.7406596509160114	284.016	258.27	COC1=C(C=C(C=C1)C=CC2=CC(=CC(=C2)O)O)O	69.9	295	0	3	4	3	19	0	1	98	4	-0.5078005906153596	0.29329408429987736	0.29329408429987736	0.5078005906153596	-2.62	130.31956489939253	2	0	0	0	4	3	0	0	0	0	2	2	0	0	0	0	0.06666666666666667	0.9941057355696216	0.7099794497935009	0.0017902166334033218	0.10841488139356921	0.8926705875272919	0.010923283011062037	4.221110167170496	2.9824000000000024	73.35840000000002	19	232.780	311.16669722150255	0	0	0	3	1	0	0	0	0	0	0	0	1	3	0	0	0	0	0	0	0	0	0	0	0	0	0	0	0	0	0	0	0	0	0	0	0	0	0	0	0	0	0	0	0	0	0	0	0	0	0	0	0	0	0	0	0	0	0	0	0	0	0	0	0	0	0	2	0	0	0	0	0	3	0	0	0	0	0	0	0	0	0	0	0	3	3	0	0	0	0	241.946	9.166	0.962
5321775	1.6570760699206013	-1.4820657318631763	-0.6759190215819166	-0.5608171229969102	2.885962192772914	-1.607388676919305	2.6403022271423477	-2.61899720185923	0.5347553518426418	-2.517444306446375	0.7733221377370701	-2.0592174432686594	359.250	324.4	CC(=CCC1=CC2=C(C=C1O)OC(CC2=O)C3=CC=C(C=C3)O)C	66.8	474	0	2	4	3	24	1	0	124	4	-0.5079666065471226	0.2931114897002148	0.2931114897002148	0.5079666065471226	-2.7499999999999996	168.84888540857372	3	0	0	1	4	2	0	1	0	1	2	2	0	0	0	0	0.25	0.9905854914491309	0.6460579771392772	0.0012143922297360482	0.1368955226823862	0.9390037413692451	0.1630673061903846	4.251315458541778	4.313000000000003	91.66510000000004	24	298.591	415.19826136510216	1	1	0	2	0	0	0	0	0	0	0	1	1	2	0	0	0	0	0	0	0	0	0	0	0	0	0	0	0	0	0	0	0	0	0	0	0	0	0	0	0	0	0	0	0	0	0	0	0	0	0	0	0	0	0	0	0	0	0	0	0	0	0	0	0	0	1	2	0	0	0	0	0	2	0	0	0	2	0	0	0	0	1	0	0	3	3	0	0	0	0	316.980	18.389	0.942
5354284	0.8286168936351432	-1.6051979865578305	-0.6005634337285325	0.4720727706399147	-1.4877075551223053	-2.13383561226331	-0.06271725678418111	2.101981833592167	0.6611818858507161	0.714973260024593	0.11426235089484774	1.1988211373391264	193.834	192.17	CC1=CC(=O)OC2=CC(=CC(=C12)O)O	66.8	284	0	2	4	0	14	0	0	72	4	-0.5076781855029975	0.3359667417026811	0.3359667417026811	0.5076781855029975	-1.9699999999999998	90.44592071167057	2	0	0	1	4	2	0	0	0	0	2	1	1	0	0	0	0.1	0.9326789004501442	0.30668096359449387	0.0013907404437000122	0.36070773301262876	0.6432545164262006	0.03869703342230277	2.585696981756183	1.51262	50.55060000000002	14	158.978	212.40112951523085	0	0	0	2	0	0	0	0	0	0	0	0	0	2	0	0	0	0	0	0	0	0	0	0	0	0	0	0	0	0	0	0	0	0	0	0	0	0	0	0	0	0	0	0	0	0	0	0	0	0	0	0	0	0	0	0	0	0	0	0	0	0	0	0	0	0	1	1	0	0	0	0	0	2	0	0	0	0	1	0	0	0	0	0	0	0	0	0	1	0	0	164.667	5.689	0.965
5379096	-0.18183494926063787	3.459155992732364	0.7533447105577296	-1.1278987059974326	1.2817397240432684	-0.943719301032659	-2.528456854039713	1.1265256749516555	0.1095998816674221	2.2163874694275574	0.29518509530778625	2.643921573013719	327.781	330.29	COC1=C(C=CC(=C1)C2=CC(=O)C3=C(O2)C=C(C(=C3O)OC)O)O	105.0	505	0	3	7	3	24	0	0	124	7	-0.5042543187379498	0.29332216158404806	0.29332216158404806	0.5042543187379498	-3.3500000000000005	155.40577450247505	3	0	0	1	7	3	0	0	0	0	3	2	1	0	0	0	0.11764705882352941	0.9857844029314585	0.5799657845474864	0.000910747639994353	0.1680152104336624	0.8408258230829908	0.030894272289925497	4.087788837431257	2.594000000000001	86.01840000000004	24	273.323	358.66608303791855	0	0	0	3	2	0	0	0	0	0	0	0	2	3	0	0	0	0	0	0	0	0	0	0	0	0	0	0	0	0	0	0	0	0	0	0	0	0	0	0	0	0	0	0	0	0	0	0	0	0	0	0	0	0	0	0	0	0	0	0	0	0	0	0	0	0	1	2	0	0	0	0	0	3	0	0	0	0	0	0	0	0	0	0	0	6	6	0	0	0	0	285.520	12.197	0.957
5398649	-0.6110781103953611	-0.028628320642036957	-0.12195883923747139	0.14184354160259136	-2.546017683013724	-2.8794454214368685	1.2600829307360844	-0.18432062840643443	0.7197349201980972	0.22553399827151724	-0.7317342677394826	2.7630811193681013	249.704	254.24	C1=CC=C(C=C1)C2=CC(=O)OC3=CC(=CC(=C23)O)O	66.8	384	0	2	4	1	19	0	0	94	4	-0.5076781820591699	0.3363286711138541	0.3363286711138541	0.5076781820591699	-2.7499999999999996	121.94801380367359	3	0	0	1	4	2	0	0	0	0	3	2	1	0	0	0	0.0	0.9320007213159065	0.28714994624619505	0.0008170780290120001	0.36245641871351886	0.6993610719984745	0.17621332800539938	3.094413744912813	2.8712000000000018	71.24960000000002	19	213.176	282.7768916051149	0	0	0	2	0	0	0	0	0	0	0	0	0	2	0	0	0	0	0	0	0	0	0	0	0	0	0	0	0	0	0	0	0	0	0	0	0	0	0	0	0	0	0	0	0	0	0	0	0	0	0	0	0	0	0	0	0	0	0	0	0	0	0	0	0	0	1	2	0	0	0	0	0	2	0	0	0	0	0	0	0	0	0	0	0	0	0	0	1	0	0	223.255	10.079	0.955
5413034	-1.4898435780659345	-0.09578828648737084	2.234667033437571	0.5904026909183451	0.8057198213538179	-1.0839764027710688	2.3509054113577497	2.115672903345523	0.559790894438035	-1.6903881811341785	0.1748918400235743	1.8985803731878026	253.321	254.24	C1=CC=C(C=C1)C2=CC(=O)OC3=C2C=CC(=C3O)O	66.8	384	0	2	4	1	19	0	0	94	4	-0.5041604439773247	0.336456984441156	0.336456984441156	0.5041604439773247	-2.7499999999999996	121.9480138036736	3	0	0	1	4	2	0	0	0	0	3	2	1	0	0	0	0.0	0.9531919607453319	0.35723699664469716	0.0009568330023455126	0.3023658148178622	0.7420323698501772	0.12449022010327412	3.2112340450402828	2.871200000000001	71.24960000000002	19	213.981	278.0695649282301	0	0	0	2	0	0	0	0	0	0	0	0	0	2	0	0	0	0	0	0	0	0	0	0	0	0	0	0	0	0	0	0	0	0	0	0	0	0	0	0	0	0	0	0	0	0	0	0	0	0	0	0	0	0	0	0	0	0	0	0	0	0	0	0	0	0	1	2	0	0	0	0	0	2	0	0	0	0	0	0	0	0	0	0	0	0	0	0	1	0	0	221.873	7.892	0.964
5464170	-2.061966800831949	1.799786073755251	0.11088890554413322	-0.6869877336189336	-0.6175199050765586	2.116831863240468	-3.8218289660507527	1.0100896030904432	2.731381284612111	0.5258737120190764	1.5936183218815967	-1.33525543935805	354.897	360.3	COC1=CC(=CC(=C1OC)O)C2=COC3=C(C2=O)C(=C(C(=C3)O)OC)O	115.0	549	0	3	8	4	26	0	0	136	8	-0.5041413590236388	0.29332216454873916	0.29332216454873916	0.5041413590236388	-3.5500000000000003	169.6942028467142	3	0	0	1	8	3	0	0	0	0	3	2	1	0	0	0	0.16666666666666666	0.9868010136107195	0.5914739575075265	0.0008883577988210732	0.1619375173851214	0.904183052592913	0.13875050765252198	4.245025828179872	2.602600000000001	92.57040000000002	26	298.542	397.3391848804433	0	0	0	3	3	0	0	0	0	0	0	0	3	3	0	0	0	0	0	0	0	0	0	0	0	0	0	0	0	0	0	0	0	0	0	0	0	0	0	0	0	0	0	0	0	0	0	0	0	0	0	0	0	0	0	0	0	0	0	0	0	0	0	0	0	0	1	2	0	0	0	0	0	3	0	0	0	0	0	0	0	0	0	0	0	9	9	0	0	0	0	314.630	16.088	0.949
6255462	1.267197324884469	-1.609581788774288	-3.5411162504245426	1.2369974253186755	0.4269098789565646	0.3427531121878624	-1.3190965822860665	-0.9415054014904088	0.2655416626243148	1.7142034120415643	-0.23334896736373256	-0.5068504239189805	269.034	242.27	COC1=CC=C(C=C1)C=CC2=CC(=CC(=C2)O)O	49.7	259	0	2	3	3	18	0	1	92	3	-0.5078005906153598	0.2930960665662019	0.2930960665662019	0.5078005906153598	-2.42	125.43866088906925	2	0	0	0	3	2	0	0	0	0	2	2	0	0	0	0	0.06666666666666667	0.9957964142355633	0.7503667252793708	0.0023661286944893	0.09159422140940211	0.9091854613937191	0.007930162934175493	4.162020873963311	3.2768000000000024	71.69360000000002	18	223.866	297.50960316603704	0	0	0	2	1	0	0	0	0	0	0	0	1	2	0	0	0	0	0	0	0	0	0	0	0	0	0	0	0	0	0	0	0	0	0	0	0	0	0	0	0	0	0	0	0	0	0	0	0	0	0	0	0	0	0	0	0	0	0	0	0	0	0	0	0	0	0	2	0	0	0	0	0	2	0	0	0	0	0	0	0	0	0	0	0	3	3	0	0	0	0	231.712	7.846	0.966
6293081	3.526833664390219	-0.1182678171887385	1.186357746577911	2.9237029648586903	1.7078227910878057	-0.5079897181701529	1.5451752378707069	-0.28252012527576503	-0.7849412593505131	2.738438794629701	-0.33401247987309596	-0.6662970083949307	316.768	300.3	COC1=CC(=C(C(=C1)OC)C(=O)C=CC2=CC=C(C=C2)O)O	76.0	387	0	2	5	5	22	0	1	114	5	-0.507966250779788	0.2931361666124482	0.2931361666124482	0.507966250779788	-2.9499999999999997	150.25355344774877	2	0	0	0	5	2	0	0	0	0	2	2	0	0	0	0	0.11764705882352941	0.9931293507158525	0.689969925789757	0.0013518386191387636	0.11702176185098756	0.884153059120514	0.011324354917526003	4.315296154524112	3.0111000000000026	82.68210000000003	22	267.059	352.14393798199114	1	1	0	2	2	0	0	0	0	0	0	1	2	2	0	0	0	0	0	0	0	0	0	0	0	0	0	0	0	0	0	0	0	0	0	0	0	0	0	0	0	0	0	0	0	0	0	0	0	0	0	0	0	0	0	0	0	0	0	0	0	0	0	0	0	0	0	2	0	0	0	0	0	2	0	0	0	1	0	0	0	0	0	0	0	6	6	0	0	0	0	277.609	10.550	0.962
13846689	-3.3593019643481163	2.404290130320292	-1.8815581893588542	1.9276893994983566	-2.309852830545921	0.5100573980294849	2.145925508168564	-0.5226893595110528	0.4151562313524407	-0.9597336844466053	-0.7816574691339324	-1.1451616951077672	297.475	304.29	C1C2=CC(=C(C=C2C3=C(C=C(C=C3)O)OCC1(CO)O)O)O	110.0	391	0	5	6	1	22	1	0	116	6	-0.5078224161781587	0.29329397118755	0.29329397118755	0.5078224161781587	-2.44	148.94002791342638	3	0	0	1	6	5	0	1	0	1	2	2	0	0	0	0	0.25	0.8762492192049814	0.21336498180286861	0.0003701465172669767	0.481858180217645	0.5808945377332522	0.13792969862609342	3.322471251436189	1.1287000000000003	78.107	22	256.195	332.8344997915309	0	0	2	3	0	0	0	0	0	0	0	0	1	3	0	0	0	0	0	0	0	0	0	0	0	0	0	0	0	0	0	0	0	0	0	0	0	0	0	0	0	0	0	0	0	0	0	0	0	0	0	0	0	0	0	0	0	0	0	0	0	0	0	0	0	0	3	2	0	0	0	0	0	3	0	0	0	0	0	0	0	0	0	0	0	9	9	27	0	0	0	270.755	14.560	0.946
45382232	-0.6517348636169987	-2.7008172670654442	-1.1047337382258353	1.0084184179612155	-1.9430433734071804	0.8790258100179387	-0.10053978553279876	-1.7098233949626063	0.0856737075848595	1.4742674676943166	-0.9614715917227171	0.9867316037622788	260.519	244.24	C1=CC(=C(C(=C1)O)C=CC2=CC(=CC(=C2)O)O)O	80.9	272	0	4	4	2	18	0	1	92	4	-0.5078005906151001	0.2931291073723793	0.2931291073723793	0.5078005906151001	-2.6199999999999997	120.91204056547667	2	0	0	0	4	4	0	0	0	0	2	2	0	0	0	0	0.0	0.9848116188704436	0.5695129975778407	0.0014665926366661107	0.1736262518681326	0.8268904076776432	0.0046120051384597426	3.64673235415815	2.6794000000000016	68.47120000000001	18	215.018	283.00264378829553	0	0	0	4	0	0	0	0	0	0	0	0	0	4	0	0	0	0	0	0	0	0	0	0	0	0	0	0	0	0	0	0	0	0	0	0	0	0	0	0	0	0	0	0	0	0	0	0	0	0	0	0	0	0	0	0	0	0	0	0	0	0	0	0	0	0	0	2	0	0	0	0	0	4	0	0	0	0	0	0	0	0	0	0	0	0	0	0	0	0	0	223.104	8.085	0.964
54679630	1.5395358616695838	0.06172483440146162	-0.6952275692137748	0.4023601038105354	-0.8049487848567847	-2.249901702531125	0.7560914695611938	0.8356609933049448	0.3617302595269139	-2.080248734215633	-0.08366822609663956	0.3616038042440345	173.847	178.14	C1=CC2=C(C=C1O)OC(=O)C=C2O	66.8	258	0	2	4	0	13	0	0	66	4	-0.5078219617717901	0.3394482326282911	0.3394482326282911	0.5078219617717901	-1.97	81.27103759693836	2	0	0	1	4	2	0	0	0	0	2	1	1	0	0	0	0.0	0.9548477017618235	0.37351044134614675	0.0020868740438681616	0.29709571932318996	0.7029042806948423	1.0074491145419338e-10	2.522710398451948	1.2042000000000002	45.813600000000015	13	143.285	185.93122156743263	0	0	0	2	0	0	0	0	0	0	0	0	0	1	0	0	0	0	0	0	0	0	0	0	0	0	0	0	0	0	0	0	0	0	0	0	0	0	0	0	0	0	0	0	0	0	0	0	0	0	0	0	0	0	0	0	0	0	0	0	0	0	0	0	0	0	1	1	0	0	0	0	0	1	0	0	0	0	0	0	0	0	0	0	0	0	0	0	1	0	0	147.501	4.216	0.971
